cdr3	epitope	v_gene	j_gene	label
CASSSLTSGRAAAKNIQYF	FIAGLIAIV	TRBV07-03	TRBJ02-04	1
CASSHGASNQPQHF	FIAGLIAIV	TRBV19-01	TRBJ01-05	1
CASAMGYQETQYF	FIAGLIAIV	TRBV13-01	TRBJ02-05	1
CASSQGVGQETQYF	FIAGLIAIV	TRBV04-03	TRBJ02-05	1
CASDEGVDNEQFF	FIAGLIAIV	TRBV02-01	TRBJ02-01	1
CASRGRGYPGQETQYF	FIAGLIAIV	TRBV28-01	TRBJ02-05	1
CASSPWGNEKLFF	FIAGLIAIV	TRBV06-05	TRBJ01-04	1
CASSVGGTSGGSEETQYF	FIAGLIAIV	TRBV09-01	TRBJ02-05	1
CASSQVNSYGYTF	FIAGLIAIV	TRBV03-01/03-02	TRBJ01-02	1
CASSPDSSGTPYEQYF	FIAGLIAIV	TRBV07-09	TRBJ02-07	1
CATSDWAQETQYF	FIAGLIAIV	TRBV24-01	TRBJ02-05	1
CASSRLVGTGELFF	FIAGLIAIV	TRBV14-01	TRBJ02-02	1
CASSASYSNQPQHF	FIAGLIAIV	TRBV09-01	TRBJ01-05	1
CASSPKQGSNLRSYNEQFF	FIAGLIAIV	TRBV13-01	TRBJ02-01	1
CASSPTTAGATDTQYF	FIAGLIAIV	TRBV03-01/03-02	TRBJ02-03	1
CASSSGRENGETQYF	FIAGLIAIV	TRBV28-01	TRBJ02-05	1
CASSEWGNYEQYF	FIAGLIAIV	TRBV06-01	TRBJ02-07	1
CASMTGGYEQYF	FIAGLIAIV	TRBV10-03	TRBJ02-07	1
CASLSGQGNTGELFF	FIAGLIAIV	TRBV02-01	TRBJ02-02	1
CASSDDIAFGELFF	FIAGLIAIV	TRBV10-02	TRBJ02-02	1
CASREGGSAGELFF	FIAGLIAIV	TRBV02-01	TRBJ02-02	1
CASSRDLSGNTIYF	FIAGLIAIV	TRBV05-01	TRBJ01-03	1
CASSYLASGMGEQFF	FIAGLIAIV	TRBV06-05	TRBJ02-01	1
CSVTEGFGTEAFF	FIAGLIAIV	TRBV29-01	TRBJ01-01	1
CASSPGGTSYEQYF	FIAGLIAIV	TRBV04-03	TRBJ02-07	1
CASSGDLGQFYSQTYEQYF	FIAGLIAIV	TRBV02-01	TRBJ02-07	1
CALSSLVRGLNNSPLHF	FIAGLIAIV	TRBV07-06	TRBJ01-06	1
CASSMSDGYEQYF	FIAGLIAIV	TRBV05-01	TRBJ02-07	1
CASSEALHQTYEQYF	FIAGLIAIV	TRBV02-01	TRBJ02-07	1
CASRHYTTSNTEAFF	FIAGLIAIV	TRBV28-01	TRBJ01-01	1
CASSVPPGQDSYEQYF	FIAGLIAIV	TRBV06-01	TRBJ02-07	1
CALSQGVQPQHF	FIAGLIAIV	TRBV28-01	TRBJ01-05	1
CASSSQGAANTGELFF	FIAGLIAIV	TRBV06-06	TRBJ02-02	1
CASSQDLIFLGGPSTDTQYF	FIAGLIAIV	TRBV04-02	TRBJ02-03	1
CASSEWGNTEAFF	FIAGLIAIV	TRBV06-01	TRBJ01-01	1
CASSQDPTGELFF	FIAGLIAIV	TRBV10-02	TRBJ02-02	1
CASSVPRTETNTGELFF	FIAGLIAIV	TRBV02-01	TRBJ02-02	1
CASISGQGNTGELFF	FIAGLIAIV	TRBV02-01	TRBJ02-02	1
CATSDLAGINDNEQFF	FIAGLIAIV	TRBV24-01	TRBJ02-01	1
CASSPDGSSYNEQFF	FIAGLIAIV	TRBV07-03	TRBJ02-01	1
CASSFLGGLSTDTQYF	FIAGLIAIV	TRBV05-01	TRBJ02-03	1
CSVTRGAGTEAFF	FIAGLIAIV	TRBV29-01	TRBJ01-01	1
CASSYSSVGRQYF	FIAGLIAIV	TRBV06-05	TRBJ02-07	1
CASSLRNAAHTF	FIAGLIAIV	TRBV11-02	TRBJ01-02	1
CAWPGTGAFNEQFF	FIAGLIAIV	TRBV30-01	TRBJ02-01	1
CASSSQGYNEQFF	FIAGLIAIV	TRBV06-02/06-03	TRBJ02-01	1
CSVTGTTFTEQYF	FIAGLIAIV	TRBV29-01	TRBJ02-07	1
CASSLLSGANVLTF	FIAGLIAIV	TRBV28-01	TRBJ02-06	1
CASSVDAYSNQPQHF	FIAGLIAIV	TRBV06-05	TRBJ01-05	1
CASSPSTWMGETQYF	FIAGLIAIV	TRBV05-04	TRBJ02-05	1
CASSEAGHLNEKLFF	FIAGLIAIV	TRBV05-01	TRBJ01-04	1
CASSGLAGGAVSYNEQFF	FIAGLIAIV	TRBV02-01	TRBJ02-01	1
CASTLPGYGQYF	FIAGLIAIV	TRBV11-02	TRBJ02-07	1
CAISAGTSDTQYF	FIAGLIAIV	TRBV10-03	TRBJ02-03	1
CASSQGFYNEQFF	FIAGLIAIV	TRBV14-01	TRBJ02-01	1
CASTPWGDWTEAFF	FIAGLIAIV	TRBV05-01	TRBJ01-01	1
CSISSGDNEQFF	FIAGLIAIV	TRBV29-01	TRBJ02-01	1
CASSLSTGDEETQYF	FIAGLIAIV	TRBV28-01	TRBJ02-05	1
CAISEGIAEQFF	FIAGLIAIV	TRBV10-03	TRBJ02-01	1
CASSEYGRNIQYF	FIAGLIAIV	TRBV25-01	TRBJ02-04	1
CAWSRLAGRGLNEQQFF	FIAGLIAIV	TRBV30-01	TRBJ02-01	1
CASSYSGNLNTEAFF	FIAGLIAIV	TRBV06-05	TRBJ01-01	1
CASSYSTGANVLTF	FIAGLIAIV	TRBV06-05	TRBJ02-06	1
CASSQGTGELFF	FIAGLIAIV	TRBV03-01/03-02	TRBJ02-02	1
CASRIIPGQGTDTQYF	FIAGLIAIV	TRBV07-08	TRBJ02-03	1
CASSSGFRETQYF	FIAGLIAIV	TRBV12-03/12-04	TRBJ02-05	1
CATSRASTGPTSISTDTQYF	FIAGLIAIV	TRBV15-01	TRBJ02-03	1
CASSNGQFQETQYF	FIAGLIAIV	TRBV05-01	TRBJ02-05	1
CASSVDILGSTDTQYF	FIAGLIAIV	TRBV07-08	TRBJ02-03	1
CASSFLETEETQYF	FIAGLIAIV	TRBV28-01	TRBJ02-05	1
CASSEFHSGRADNEQFF	FIAGLIAIV	TRBV25-01	TRBJ02-01	1
CASTPNSYEQYF	FIAGLIAIV	TRBV12-03/12-04	TRBJ02-07	1
CASSLLGVDEQYF	FIAGLIAIV	TRBV27-01	TRBJ02-07	1
CSASGTSLNEQFF	FIAGLIAIV	TRBV20-01	TRBJ02-01	1
CASSEKPLYEQYF	FIAGLIAIV	TRBV21-01	TRBJ02-07	1
CASQEAHEQFF	FIAGLIAIV	TRBV05-06	TRBJ02-01	1
CSVDGGQGSVYEQYF	FIAGLIAIV	TRBV29-01	TRBJ02-07	1
CASSKGQTPNTDTQYF	FIAGLIAIV	TRBV03-01/03-02	TRBJ02-03	1
CASSVGQQTKNEKLFF	FIAGLIAIV	TRBV09-01	TRBJ01-04	1
CASSRQGNEQFF	FIAGLIAIV	TRBV13-01	TRBJ02-01	1
CASSTPGLVDEQFF	FIAGLIAIV	TRBV09-01	TRBJ02-01	1
CASSSQGTYEQYF	FIAGLIAIV	TRBV06-05	TRBJ02-07	1
CASSEWISGSSYNEQFF	FIAGLIAIV	TRBV25-01	TRBJ02-01	1
CASSQPVPGVNSPLHF	FIAGLIAIV	TRBV03-01/03-02	TRBJ01-06	1
CASAGQGAGEQYF	FIAGLIAIV	TRBV10-02	TRBJ02-07	1
CASIIASGQANTGELFF	FIAGLIAIV	TRBV02-01	TRBJ02-02	1
CASSEAGNNEQFF	FIAGLIAIV	TRBV06-01	TRBJ02-01	1
CSVDTGQGVSEQYF	FIAGLIAIV	TRBV29-01	TRBJ02-07	1
CSVVGGRNYEQYF	FIAGLIAIV	TRBV29-01	TRBJ02-07	1
CASSAWTGSQPQHF	FIAGLIAIV	TRBV05-01	TRBJ01-05	1
CASGNNYGYTF	FIAGLIAIV	TRBV25-01	TRBJ01-02	1
CASSPGAYWETQYF	FIAGLIAIV	TRBV28-01	TRBJ02-05	1
CASSVIEGTGELFF	FIAGLIAIV	TRBV09-01	TRBJ02-02	1
CASSAPQMGLYEQYF	FIAGLIAIV	TRBV05-04	TRBJ02-07	1
CASRSEKLFF	FIAGLIAIV	TRBV25-01	TRBJ01-04	1
CASRDGTVNTGELFF	FIAGLIAIV	TRBV02-01	TRBJ02-02	1
CGGVSGANVLTF	FIAGLIAIV	TRBV02-01	TRBJ02-06	1
CASESWTDYEQYF	FIAGLIAIV	TRBV06-05	TRBJ02-07	1
CASSPRTSGSTDTQYF	FIAGLIAIV	TRBV04-02	TRBJ02-03	1
CASSLVSVLASTGELFF	FIAGLIAIV	TRBV07-09	TRBJ02-02	1
CASSLRVGANTEAFF	FIAGLIAIV	TRBV28-01	TRBJ01-01	1
CSVGPAGGPDTQYF	FIAGLIAIV	TRBV29-01	TRBJ02-03	1
CASSENPLAGGEDEQFF	FIAGLIAIV	TRBV06-01	TRBJ02-01	1
CSAIREGTTGELFF	FIAGLIAIV	TRBV29-01	TRBJ02-02	1
CASSLRQGGDNEQFF	FIAGLIAIV	TRBV13-01	TRBJ02-01	1
CASSQDEGLAYEQYF	FIAGLIAIV	TRBV14-01	TRBJ02-07	1
CSVLAGVSYEQYF	FIAGLIAIV	TRBV29-01	TRBJ02-07	1
CASGPYGNTIYF	FIAGLIAIV	TRBV25-01	TRBJ01-03	1
CATTSGRNNEQFF	FIAGLIAIV	TRBV10-02	TRBJ02-01	1
CATGLSTDTQYF	FIAGLIAIV	TRBV10-03	TRBJ02-03	1
CASSEWGNNEQFF	FIAGLIAIV	TRBV06-01	TRBJ02-01	1
CASGPGTGSTDTQYF	FIAGLIAIV	TRBV02-01	TRBJ02-03	1
CSVNTGKFQYF	FIAGLIAIV	TRBV29-01	TRBJ02-05	1
CSVYMGLTGELFF	FIAGLIAIV	TRBV29-01	TRBJ02-02	1
CSVTTTTNEKLFF	FIAGLIAIV	TRBV29-01	TRBJ01-04	1
CASSLTRGVRLADTQYF	FIAGLIAIV	TRBV28-01	TRBJ02-03	1
CASSGGNSLANEKLFF	FIAGLIAIV	TRBV09-01	TRBJ01-04	1
CASSLEAGGPSIIIQYF	FIAGLIAIV	TRBV07-08	TRBJ02-04	1
CASSGEKLFF	FIAGLIAIV	TRBV25-01	TRBJ01-04	1
CSVDPGALTEAFF	FIAGLIAIV	TRBV29-01	TRBJ01-01	1
CSVYRDIMNTEAFF	FIAGLIAIV	TRBV29-01	TRBJ01-01	1
CAISGGLNEQFF	FIAGLIAIV	TRBV10-03	TRBJ02-01	1
CASSLGLAGAYEQYF	FIAGLIAIV	TRBV05-01	TRBJ02-07	1
CASSLGQDNTGELFF	FIAGLIAIV	TRBV05-01	TRBJ02-02	1
CASSLLGDQETQYF	FIAGLIAIV	TRBV27-01	TRBJ02-05	1
CASSLPSGIQETQYF	FIAGLIAIV	TRBV11-02	TRBJ02-05	1
CSVARQDINEQFF	FIAGLIAIV	TRBV29-01	TRBJ02-01	1
CAISDTGTQPQHF	FIAGLIAIV	TRBV10-03	TRBJ01-05	1
CASSPWPGTGDTEAFF	FIAGLIAIV	TRBV18-01	TRBJ01-01	1
CASSFGQLTGELFF	FIAGLIAIV	TRBV11-02	TRBJ02-02	1
CASSLQGTGNTIYF	FIAGLIAIV	TRBV06-05	TRBJ01-03	1
CASSSEYPGTSGPGELFF	FIAGLIAIV	TRBV07-08	TRBJ02-02	1
CASSHLLALGASSYNEQFF	FIAGLIAIV	TRBV14-01	TRBJ02-01	1
CASSLAGSTDTQYF	FIAGLIAIV	TRBV07-03	TRBJ02-03	1
CASSPPSGVYNEQFF	FIAGLIAIV	TRBV05-06	TRBJ02-01	1
CASSWGLAGDNEQFF	FIAGLIAIV	TRBV05-01	TRBJ02-01	1
CSASPSGRYNEQFF	FIAGLIAIV	TRBV20-01	TRBJ02-01	1
CASSQSRTGSYNEQFF	FIAGLIAIV	TRBV04-02	TRBJ02-01	1
CASSVSRTGANTGELFF	FIAGLIAIV	TRBV02-01	TRBJ02-02	1
CASSSRITYEQYF	FIAGLIAIV	TRBV13-01	TRBJ02-07	1
CASIAPSYEQYF	FIAGLIAIV	TRBV28-01	TRBJ02-07	1
CASSESGAYEQYF	FIAGLIAIV	TRBV10-02	TRBJ02-07	1
CASSFLGGTDTQYF	FIAGLIAIV	TRBV05-01	TRBJ02-03	1
CASSPGQGGSTEAFF	FIAGLIAIV	TRBV06-05	TRBJ01-01	1
CASSLASGGAVEQFF	FIAGLIAIV	TRBV05-01	TRBJ02-01	1
CASSLIYSQETQYF	FIAGLIAIV	TRBV11-02	TRBJ02-05	1
CASSATSGRAYLDEQFF	FIAGLIAIV	TRBV03-01/03-02	TRBJ02-01	1
CASSKIRSQREQFF	FIAGLIAIV	TRBV21-01	TRBJ02-01	1
CASSYQGNEQFF	FIAGLIAIV	TRBV06-05	TRBJ02-01	1
CASSGAGVGYEQYF	FIAGLIAIV	TRBV10-02	TRBJ02-07	1
CSVEEGAGTEAFF	FIAGLIAIV	TRBV29-01	TRBJ01-01	1
CASSLLGQGAQDTQYF	FIAGLIAIV	TRBV27-01	TRBJ02-03	1
CASSEWGNQPQHF	FIAGLIAIV	TRBV06-01	TRBJ01-05	1
CASSTRLAGTNTGELFF	FIAGLIAIV	TRBV07-08	TRBJ02-02	1
CASSIQVFLAGELFF	FIAGLIAIV	TRBV19-01	TRBJ02-02	1
CSVEKGNAGTTYEQYF	FIAGLIAIV	TRBV29-01	TRBJ02-07	1
CASSDFLAGNEQFF	FIAGLIAIV	TRBV10-02	TRBJ02-01	1
CASSTNGGPFYSNQPQHF	FIAGLIAIV	TRBV02-01	TRBJ01-05	1
CASSYLGQGYEQYF	FIAGLIAIV	TRBV06-06	TRBJ02-07	1
CASSSGPGQIPYEQYF	FIAGLIAIV	TRBV28-01	TRBJ02-07	1
CASSPYRGTDTQYF	FIAGLIAIV	TRBV21-01	TRBJ02-03	1
CASSLTRQPQHF	FIAGLIAIV	TRBV07-03	TRBJ01-05	1
CASGGTVNEKLFF	FIAGLIAIV	TRBV09-01	TRBJ01-04	1
CASSDRQVYEQYF	FIAGLIAIV	TRBV13-01	TRBJ02-07	1
CASSPAADTQYF	FIAGLIAIV	TRBV07-03	TRBJ02-03	1
CASNDLRGEQFF	FIAGLIAIV	TRBV02-01	TRBJ02-01	1
CSAADRDYYEQYF	FIAGLIAIV	TRBV29-01	TRBJ02-07	1
CASMPGTNEKLFF	FIAGLIAIV	TRBV02-01	TRBJ01-04	1
CASSPKDSYEQYF	FIAGLIAIV	TRBV07-09	TRBJ02-07	1
CASSLDTGYGYTF	FIAGLIAIV	TRBV07-09	TRBJ01-02	1
CASSSRTGREYEQYF	FIAGLIAIV	TRBV07-08	TRBJ02-07	1
CSVEGQGANTGELFF	FIAGLIAIV	TRBV29-01	TRBJ02-02	1
CICWGTSSYEQYF	FIAGLIAIV	TRBV29-01	TRBJ02-07	1
CSVAVTDYNEQFF	FIAGLIAIV	TRBV29-01	TRBJ02-01	1
CASSGLSGSAVYNEQFF	FIAGLIAIV	TRBV27-01	TRBJ02-01	1
CASSPWTVYEQYF	FIAGLIAIV	TRBV10-02	TRBJ02-07	1
CASSDSGLGYEQYF	FIAGLIAIV	TRBV10-02	TRBJ02-07	1
CASSNWGDQPQHF	FIAGLIAIV	TRBV06-05	TRBJ01-05	1
CASSSGHPSWPQHF	FIAGLIAIV	TRBV06-05	TRBJ01-05	1
CSVEDGSGRKYNEQFF	FIAGLIAIV	TRBV29-01	TRBJ02-01	1
CASSQATGELFF	FIAGLIAIV	TRBV03-01/03-02	TRBJ02-02	1
CASISGANVLTF	FIAGLIAIV	TRBV02-01	TRBJ02-06	1
CSASSYGQYNSPLHF	FIAGLIAIV	TRBV20-01	TRBJ01-06	1
CSVELAGRGYEQYF	FIAGLIAIV	TRBV29-01	TRBJ02-07	1
CSATGRSEAFF	FIAGLIAIV	TCRBV20	TCRBJ01	0
CASSSDPIGVGNTIYF	FIAGLIAIV	TCRBV27	TCRBJ01	0
CASSERTYANTGELFF	FIAGLIAIV	TCRBV09	TCRBJ02	0
CASNQASATNEKLFF	FIAGLIAIV	TCRBV28	TCRBJ01	0
CASSLRDRGWDEQFF	FIAGLIAIV	TCRBV05	TCRBJ02	0
CASSHGRGPYGRDTEAFF	FIAGLIAIV	TCRBV06	TCRBJ01	0
CASSLTGGVGWTGELFF	FIAGLIAIV	TCRBV05	TCRBJ02	0
CASSTRTGGSDEQFF	FIAGLIAIV	TCRBV09	TCRBJ02	0
CASRPGQVSYEQYF	FIAGLIAIV	TCRBV02	TCRBJ02	0
CASSLNPVGGRRGYTF	FIAGLIAIV	TCRBV05	TCRBJ01	0
CSVEGGGGANYEQYF	FIAGLIAIV	TCRBV29	TCRBJ02	0
CASSLGTGNTEAFF	FIAGLIAIV	TCRBV12	TCRBJ01	0
CASNSRTIPANEQFF	FIAGLIAIV	TCRBV05	TCRBJ02	0
CASSRKTGTEAFF	FIAGLIAIV	TCRBV04	TCRBJ01	0
CASSSRGRSGELFF	FIAGLIAIV	TCRBV06	TCRBJ02	0
CASNPLGREDTEAFF	FIAGLIAIV	TCRBV07	TCRBJ01	0
CAWLFFEKLFF	FIAGLIAIV	TCRBV30	TCRBJ01	0
CARRWTGLFQETQYF	FIAGLIAIV	TCRBV05	TCRBJ02	0
CASNGHGNQPQHF	FIAGLIAIV	TCRBV10	TCRBJ01	0
CASSPIQQGIENTIYF	FIAGLIAIV	TCRBV05	TCRBJ01	0
CASSPPSAANTGELFF	FIAGLIAIV	TCRBV18	TCRBJ02	0
CASSYNNSPLHF	FIAGLIAIV	TCRBV06	TCRBJ01	0
CASSEDRANTEAFF	FIAGLIAIV	TCRBV10	TCRBJ01	0
CASTRTLAGEDTQYF	FIAGLIAIV	TCRBV06	TCRBJ02	0
CASSYRGSSGANVLTF	FIAGLIAIV	TCRBV03	TCRBJ02	0
CASSSVDGIQYF	FIAGLIAIV	TCRBV18	TCRBJ02	0
CASSIRGALGTGELFF	FIAGLIAIV	TCRBV19	TCRBJ02	0
CASSANEGRYGYTF	FIAGLIAIV	TCRBV05	TCRBJ01	0
CASSRSLNTEAFF	FIAGLIAIV	TCRBV18	TCRBJ01	0
CASSLGTANYGYTF	FIAGLIAIV	TCRBV07	TCRBJ01	0
CASSKDGNQPQHF	FIAGLIAIV	TCRBV21	TCRBJ01	0
CASKRREEKLFF	FIAGLIAIV	TCRBV06	TCRBJ01	0
CASSGDGQADIQYF	FIAGLIAIV	TCRBV11	TCRBJ02	0
CASSQAGVSYEQYF	FIAGLIAIV	TCRBV04	TCRBJ02	0
CASTNGQGTPTGELFF	FIAGLIAIV	TCRBV06	TCRBJ02	0
CASSLAGQETQYF	FIAGLIAIV	TCRBV07	TCRBJ02	0
CSVLGANNSPLHF	FIAGLIAIV	TCRBV20	TCRBJ01	0
CASRWGQMHTDTQYF	FIAGLIAIV	TCRBV12	TCRBJ02	0
CASSPQMNRGLNTEAFF	FIAGLIAIV	TCRBV07	TCRBJ01	0
CASSQGVVETGELFF	FIAGLIAIV	TCRBV04	TCRBJ02	0
CASADRWDQPQHF	FIAGLIAIV	TCRBV19	TCRBJ01	0
CASKARDTQYF	FIAGLIAIV	TCRBV07	TCRBJ02	0
CASSEWVAGGRTYEQYF	FIAGLIAIV	TCRBV02	TCRBJ02	0
CASSTQGVKTEAFF	FIAGLIAIV	TCRBV06	TCRBJ01	0
CASSVGGRETQYF	FIAGLIAIV	TCRBV11	TCRBJ02	0
CASSDSITSTDTQYF	FIAGLIAIV	TCRBV06	TCRBJ02	0
CSARGDSGRYEQYF	FIAGLIAIV	TCRBV29	TCRBJ02	0
CAISWDGNTGELFF	FIAGLIAIV	TCRBV10	TCRBJ02	0
CAWSQGGVYNEQFF	FIAGLIAIV	TCRBV30	TCRBJ02	0
CASSSGTDVYSPLHF	FIAGLIAIV	TCRBV06	TCRBJ01	0
CASSLSASLRETQYF	FIAGLIAIV	TCRBV27	TCRBJ02	0
CASSGGQGVYGEQFF	FIAGLIAIV	TCRBV05	TCRBJ02	0
CSATATNEKLFF	FIAGLIAIV	TCRBV20	TCRBJ01	0
CAWSGRVSPNQPQHF	FIAGLIAIV	TCRBV30	TCRBJ01	0
CASGHGQYGYTF	FIAGLIAIV	TCRBV14	TCRBJ01	0
CSARGRDTQYF	FIAGLIAIV	TCRBV20	TCRBJ02	0
CASSQVVRNTGELFF	FIAGLIAIV	TCRBV03	TCRBJ02	0
CASSFGDGELFF	FIAGLIAIV	TCRBV12	TCRBJ02	0
CAWSPSRTGRYTEAFF	FIAGLIAIV	TCRBV30	TCRBJ01	0
CASSWSGNEQFF	FIAGLIAIV	TCRBV12	TCRBJ02	0
CASSQRVGYEQYF	FIAGLIAIV	TCRBV27	TCRBJ02	0
CASGGTGTGDYGYTF	FIAGLIAIV	TCRBV10	TCRBJ01	0
CASSLRQAPYEQYF	FIAGLIAIV	TCRBV05	TCRBJ02	0
CSARPGTLNTEAFF	FIAGLIAIV	TCRBV20	TCRBJ01	0
CASSLGQPTYNEQFF	FIAGLIAIV	TCRBV11	TCRBJ02	0
CASSVGQGAKDGELFF	FIAGLIAIV	TCRBV12	TCRBJ02	0
CATSDPGSGAVETQYF	FIAGLIAIV	TCRBV24	TCRBJ02	0
CASSQDGGNQPQHF	FIAGLIAIV	TCRBV03	TCRBJ01	0
CASRTGTSPGELFF	FIAGLIAIV	TCRBV03	TCRBJ02	0
CSVETGAGGTEAFF	FIAGLIAIV	TCRBV29	TCRBJ01	0
CASSPGTAYGYTF	FIAGLIAIV	TCRBV05	TCRBJ01	0
CASSLSGGNTIYF	FIAGLIAIV	TCRBV27	TCRBJ01	0
CASSLASGGAGELFF	FIAGLIAIV	TCRBV11	TCRBJ02	0
CASSLGSSGNTIYF	FIAGLIAIV	TCRBV11	TCRBJ01	0
CASSLISHTGELFF	FIAGLIAIV	TCRBV11	TCRBJ02	0
CASSLEWPAGNEQFF	FIAGLIAIV	TCRBV05	TCRBJ02	0
CASSKDRAGANVLTF	FIAGLIAIV	TCRBV12	TCRBJ02	0
CASSYATGDYGYTF	FIAGLIAIV	TCRBV06	TCRBJ01	0
CASKGSGRAGGTQYF	FIAGLIAIV	TCRBV06	TCRBJ02	0
CASSRDRGLEQYF	FIAGLIAIV	TCRBV11	TCRBJ02	0
CASNKQGRGYGYTF	FIAGLIAIV	TCRBV07	TCRBJ01	0
CASSLGPHFPYGYTF	FIAGLIAIV	TCRBV05	TCRBJ01	0
CASSRPQEKLFF	FIAGLIAIV	TCRBV18	TCRBJ01	0
CASSAHGREKLFF	FIAGLIAIV	TCRBV06	TCRBJ01	0
CASSSTGGSRITEAFF	FIAGLIAIV	TCRBV05	TCRBJ01	0
CASSPFGRGETQYF	FIAGLIAIV	TCRBV18	TCRBJ02	0
CASSSRTGRSYGYTF	FIAGLIAIV	TCRBV09	TCRBJ01	0
CASSLDRTQYF	FIAGLIAIV	TCRBV07	TCRBJ02	0
CSVDPTGYITDTQYF	FIAGLIAIV	TCRBV29	TCRBJ02	0
CASSGREGGKLFF	FIAGLIAIV	TCRBV03	TCRBJ01	0
CASTLAGSDEQYF	FIAGLIAIV	TCRBV07	TCRBJ02	0
CATGQTSSYNSPLHF	FIAGLIAIV	TCRBV06	TCRBJ01	0
CASTPEATASNTIYF	FIAGLIAIV	TCRBV05	TCRBJ01	0
CASTRGQGASYEQYF	FIAGLIAIV	TCRBV06	TCRBJ02	0
CASGLRELGTDTQYF	FIAGLIAIV	TCRBV06	TCRBJ02	0
CASSLRGLGVNSGANVLTF	FIAGLIAIV	TCRBV19	TCRBJ02	0
CASSPLGRIYEQYF	FIAGLIAIV	TCRBV07	TCRBJ02	0
CASSFGQGGLQTQYF	FIAGLIAIV	TCRBV27	TCRBJ02	0
CASSLGLAEPYEQYF	FIAGLIAIV	TCRBV06	TCRBJ02	0
CAISELGDTEAFF	FIAGLIAIV	TCRBV10	TCRBJ01	0
CSAREGHLEKLFF	FIAGLIAIV	TCRBV20	TCRBJ01	0
CATSRGTGSSNQPQHF	FIAGLIAIV	TCRBV15	TCRBJ01	0
CASKVDGNYGYTF	FIAGLIAIV	TCRBV28	TCRBJ01	0
CASTSDLLMNTEAFF	FIAGLIAIV	TCRBV03	TCRBJ01	0
CASSAMSGNRGYTF	FIAGLIAIV	TCRBV12	TCRBJ01	0
CASSLRPVTQETQYF	FIAGLIAIV	TCRBV18	TCRBJ02	0
CASSRNGGELFF	FIAGLIAIV	TCRBV07	TCRBJ02	0
CASSISGTGDTEAFF	FIAGLIAIV	TCRBV19	TCRBJ01	0
CASSEAQDWQETQYF	FIAGLIAIV	TCRBV02	TCRBJ02	0
CASSRWTGEKLFF	FIAGLIAIV	TCRBV05	TCRBJ01	0
CASSLSTTDTQYF	FIAGLIAIV	TCRBV11	TCRBJ02	0
CASSYSSRGGYEQYF	FIAGLIAIV	TCRBV06	TCRBJ02	0
CSARDVSGRNPEQYF	FIAGLIAIV	TCRBV20	TCRBJ02	0
CASRNRGQVEKLFF	FIAGLIAIV	TCRBV19	TCRBJ01	0
CASSARGTSGSLYNEQFF	FIAGLIAIV	TCRBV09	TCRBJ02	0
CASSLGGAQGVGANVLTF	FIAGLIAIV	TCRBV27	TCRBJ02	0
CASSQEGVPNEQFF	FIAGLIAIV	TCRBV04	TCRBJ02	0
CASSQVEWLPQHF	FIAGLIAIV	TCRBV04	TCRBJ01	0
CASRQRPGQGYEQYF	FIAGLIAIV	TCRBV05	TCRBJ02	0
CSASGRGQGAANTGELFF	FIAGLIAIV	TCRBV20	TCRBJ02	0
CASSLLGVEAFF	FIAGLIAIV	TCRBV28	TCRBJ01	0
CASSPLGGGFSTDTQYF	FIAGLIAIV	TCRBV07	TCRBJ02	0
CASSPQSGTDGEQYF	FIAGLIAIV	TCRBV07	TCRBJ02	0
CASSLVGRETQPQHF	FIAGLIAIV	TCRBV05	TCRBJ01	0
CASSTTGAGNTIYF	FIAGLIAIV	TCRBV07	TCRBJ01	0
CASHRVLNEKLFF	FIAGLIAIV	TCRBV02	TCRBJ01	0
CASSTSGWTEAFF	FIAGLIAIV	TCRBV09	TCRBJ01	0
CASSPLGSHQPQHF	FIAGLIAIV	TCRBV18	TCRBJ01	0
CASSSQPAGLQETQYF	FIAGLIAIV	TCRBV07	TCRBJ02	0
CASSGGGRSSYNSPLHF	FIAGLIAIV	TCRBV05	TCRBJ01	0
CASSPEGASNQPQHF	FIAGLIAIV	TCRBV18	TCRBJ01	0
CASSLAGEDYEQYF	FIAGLIAIV	TCRBV28	TCRBJ02	0
CSAREGAYTEAFF	FIAGLIAIV	TCRBV20	TCRBJ01	0
CASSFRPRGLAENNEQFF	FIAGLIAIV	TCRBV12	TCRBJ02	0
CASSFLGETNEKLFF	FIAGLIAIV	TCRBV05	TCRBJ01	0
CASSQDGQANEKLFF	FIAGLIAIV	TCRBV04	TCRBJ01	0
CASSLARALNTEAFF	FIAGLIAIV	TCRBV05	TCRBJ01	0
CASSLVPQGRILATNEKLFF	FIAGLIAIV	TCRBV07	TCRBJ01	0
CASSSTHGSGGAGSTDTQYF	FIAGLIAIV	TCRBV13	TCRBJ02	0
CASSQDRRGGQSIQYF	FIAGLIAIV	TCRBV04	TCRBJ02	0
CSVEGLAGGEQFF	FIAGLIAIV	TCRBV29	TCRBJ02	0
CASSVNQGAETQYF	FIAGLIAIV	TCRBV18	TCRBJ02	0
CASTNIESPEGAFF	FIAGLIAIV	TCRBV03	TCRBJ01	0
CASKGARIAEAFF	FIAGLIAIV	TCRBV07	TCRBJ01	0
CASSFVAAGEKLFF	FIAGLIAIV	TCRBV05	TCRBJ01	0
CATSSGTDNYEQYF	FIAGLIAIV	TCRBV24	TCRBJ02	0
CASSFDGTVQRTNEKLFF	FIAGLIAIV	TCRBV12	TCRBJ01	0
CASSWGPTSYNEQFF	FIAGLIAIV	TCRBV07	TCRBJ02	0
CASSPKAAGNTIYF	FIAGLIAIV	TCRBV18	TCRBJ01	0
CASSWGPAYEQYF	FIAGLIAIV	TCRBV11	TCRBJ02	0
CASSHGEISPLHF	FIAGLIAIV	TCRBV06	TCRBJ01	0
CASSSMNTEAFF	FIAGLIAIV	TCRBV11	TCRBJ01	0
CASSPLPGEGPTGELFF	FIAGLIAIV	TCRBV11	TCRBJ02	0
CASSQVWGASTDTQYF	FIAGLIAIV	TCRBV03	TCRBJ02	0
CASSPSAEGVTGELFF	FIAGLIAIV	TCRBV18	TCRBJ02	0
CAIQDSLAKNIQYF	FIAGLIAIV	TCRBV06	TCRBJ02	0
CASSLTGPNTEAFF	FIAGLIAIV	TCRBV27	TCRBJ01	0
CASSFNFPYEQYF	FIAGLIAIV	TCRBV11	TCRBJ02	0
CASIPGTGFGPNTEAFF	FIAGLIAIV	TCRBV06	TCRBJ01	0
CASSLALMNTEAFF	FIAGLIAIV	TCRBV07	TCRBJ01	0
CSVEGHQGWGNTEAFF	FIAGLIAIV	TCRBV29	TCRBJ01	0
CASSSSGSRTEETQYF	FIAGLIAIV	TCRBV27	TCRBJ02	0
CASRTGSTEAFF	FIAGLIAIV	TCRBV05	TCRBJ01	0
CASSLALGGGHSTDTQYF	FIAGLIAIV	TCRBV05	TCRBJ02	0
CASSSQGWREAFF	FIAGLIAIV	TCRBV05	TCRBJ01	0
CASSYYRGNEKLFF	FIAGLIAIV	TCRBV06	TCRBJ01	0
CASSGPRGKDGYTF	FIAGLIAIV	TCRBV27	TCRBJ01	0
CASSSPGQGGTEAFF	FIAGLIAIV	TCRBV05	TCRBJ01	0
CASSLATGFSGNTIYF	FIAGLIAIV	TCRBV05	TCRBJ01	0
CASSKPGQGETQYF	FIAGLIAIV	TCRBV05	TCRBJ02	0
CASSPSTGVSYEQYF	FIAGLIAIV	TCRBV18	TCRBJ02	0
CASSLKPGMVSNQPQHF	FIAGLIAIV	TCRBV27	TCRBJ01	0
CASRLGDTQYF	FIAGLIAIV	TCRBV02	TCRBJ02	0
CASSLRESNEQFF	FIAGLIAIV	TCRBV07	TCRBJ02	0
CASSLDAGRPNDEQFF	FIAGLIAIV	TCRBV07	TCRBJ02	0
CASSLEPYGYTF	FIAGLIAIV	TCRBV28	TCRBJ01	0
CASSSTGDSGNTIYF	FIAGLIAIV	TCRBV05	TCRBJ01	0
CASRLGQEAFF	FIAGLIAIV	TCRBV19	TCRBJ01	0
CARGRRPLMNTEAFF	FIAGLIAIV	TCRBV23	TCRBJ01	0
CASLLTDTQYF	FIAGLIAIV	TCRBV07	TCRBJ02	0
CASSLGVRGDYEQYF	FIAGLIAIV	TCRBV05	TCRBJ02	0
CASSYRPGLGSPLHF	FIAGLIAIV	TCRBV06	TCRBJ01	0
CSANSDRSNTEAFF	FIAGLIAIV	TCRBV20	TCRBJ01	0
CASSYSGVSAGNTIYF	FIAGLIAIV	TCRBV06	TCRBJ01	0
CASSLGTATQPQHF	FIAGLIAIV	TCRBV12	TCRBJ01	0
CASRTVETQYF	FIAGLIAIV	TCRBV11	TCRBJ02	0
CASSLETANEQFF	FIAGLIAIV	TCRBV05	TCRBJ02	0
CASSPGGSYNEQFF	FIAGLIAIV	TCRBV28	TCRBJ02	0
CASSQDPQQGMNTEAFF	FIAGLIAIV	TCRBV04	TCRBJ01	0
CASRHAGDSGSNEQFF	FIAGLIAIV	TCRBV06	TCRBJ02	0
CASSVGGGNTGELFF	FIAGLIAIV	TCRBV06	TCRBJ02	0
CASRGLGRIETQYF	FIAGLIAIV	TCRBV02	TCRBJ02	0
CARSRDWKDNEQFF	FIAGLIAIV	TCRBV02	TCRBJ02	0
CASSQTSSYNEQFF	FIAGLIAIV	TCRBV04	TCRBJ02	0
CASRRWVIRDRNYGYTF	FIAGLIAIV	TCRBV27	TCRBJ01	0
CAWRYSRDRGRLGQYF	FIAGLIAIV	TCRBV30	TCRBJ02	0
CASTVTDTQYF	FIAGLIAIV	TCRBV07	TCRBJ02	0
CASSPGGLTDTQYF	FIAGLIAIV	TCRBV19	TCRBJ02	0
CASSYSSQGGTEAFF	FIAGLIAIV	TCRBV06	TCRBJ01	0
CASSLGVANYGYTF	FIAGLIAIV	TCRBV12	TCRBJ01	0
CASSQDQVAGVVDTQYF	FIAGLIAIV	TCRBV03	TCRBJ02	0
CASRRTGASNTEAFF	FIAGLIAIV	TCRBV03	TCRBJ01	0
CSARSGRALLEAFF	FIAGLIAIV	TCRBV20	TCRBJ01	0
CASSSDRGLNQPQHF	FIAGLIAIV	TCRBV07	TCRBJ01	0
CASSMTGRSEAFF	FIAGLIAIV	TCRBV03	TCRBJ01	0
CASSQDYVLAGVDEQFF	FIAGLIAIV	TCRBV14	TCRBJ02	0
CASSRYNEQFF	FIAGLIAIV	TCRBV05	TCRBJ02	0
CASSPLQGGRQETQYF	FIAGLIAIV	TCRBV18	TCRBJ02	0
CASSPFVGTGSSPLHF	FIAGLIAIV	TCRBV18	TCRBJ01	0
CASSAPTGSWDTEAFF	FIAGLIAIV	TCRBV12	TCRBJ01	0
CASSLQGLEQYF	FIAGLIAIV	TCRBV11	TCRBJ02	0
CSVEDQGGRGETQYF	FIAGLIAIV	TCRBV29	TCRBJ02	0
CAISEGRRREQFF	FIAGLIAIV	TCRBV10	TCRBJ02	0
CATAYDRLDIQYF	FIAGLIAIV	TCRBV02	TCRBJ02	0
CSARDSQGQRYEQYF	FIAGLIAIV	TCRBV20	TCRBJ02	0
CASSLSSGIPYNEQFF	FIAGLIAIV	TCRBV07	TCRBJ02	0
CASSRDWGRAGELFF	FIAGLIAIV	TCRBV04	TCRBJ02	0
CASSSGGGSGNTIYF	FIAGLIAIV	TCRBV05	TCRBJ01	0
CASSSLTGRRETQYF	FIAGLIAIV	TCRBV07	TCRBJ02	0
CASSLVAGGPETQYF	FIAGLIAIV	TCRBV05	TCRBJ02	0
CASSFDSHYGYTF	FIAGLIAIV	TCRBV18	TCRBJ01	0
CASSLWTYNEQFF	FIAGLIAIV	TCRBV05	TCRBJ02	0
CSAEGAATDTQYF	FIAGLIAIV	TCRBV29	TCRBJ02	0
CSAVGRGQETQYF	FIAGLIAIV	TCRBV20	TCRBJ02	0
CSAKRVSHSTPEQYF	FIAGLIAIV	TCRBV20	TCRBJ02	0
CASRDRYNEQFF	FIAGLIAIV	TCRBV06	TCRBJ02	0
CASFGGGRNTEAFF	FIAGLIAIV	TCRBV28	TCRBJ01	0
CAWTTGTGEKLFF	FIAGLIAIV	TCRBV30	TCRBJ01	0
CASSFRTGLGYEQYF	FIAGLIAIV	TCRBV27	TCRBJ02	0
CASSARLAGDTGELFF	FIAGLIAIV	TCRBV09	TCRBJ02	0
CASSVIRGNQPQHF	FIAGLIAIV	TCRBV02	TCRBJ01	0
CASSVFTGMNTEAFF	FIAGLIAIV	TCRBV09	TCRBJ01	0
CASSTHSTGVAYGYTF	FIAGLIAIV	TCRBV19	TCRBJ01	0
CASSQDNWGEQFF	FIAGLIAIV	TCRBV03	TCRBJ02	0
CARTSGSGANVLTF	FIAGLIAIV	TCRBV07	TCRBJ02	0
CASSVGTAEKLFF	FIAGLIAIV	TCRBV07	TCRBJ01	0
CASSYWQPPDTQYF	FIAGLIAIV	TCRBV06	TCRBJ02	0
CASSSTSEAFF	FIAGLIAIV	TCRBV07	TCRBJ01	0
CASSPSAQPQHF	FIAGLIAIV	TCRBV12	TCRBJ01	0
CACPRGTESLGYTF	FIAGLIAIV	TCRBV07	TCRBJ01	0
CASSLPLGGTNEKLFF	FIAGLIAIV	TCRBV05	TCRBJ01	0
CASSQDHPGWSPQAFF	FIAGLIAIV	TCRBV04	TCRBJ01	0
CASSLTSGDQETQYF	FIAGLIAIV	TCRBV07	TCRBJ02	0
CASSPVLGGTEAFF	FIAGLIAIV	TCRBV18	TCRBJ01	0
CASSFLQGAGEKLFF	FIAGLIAIV	TCRBV07	TCRBJ01	0
CASSYSQGGVNTEAFF	FIAGLIAIV	TCRBV06	TCRBJ01	0
CASRFGTGGLDQPQHF	FIAGLIAIV	TCRBV09	TCRBJ01	0
CASSLLGQGGYTF	FIAGLIAIV	TCRBV27	TCRBJ01	0
CSARPGVEAFF	FIAGLIAIV	TCRBV20	TCRBJ01	0
CASRSAGGGNQPQHF	FIAGLIAIV	TCRBV06	TCRBJ01	0
CASSSTAPPANRQYF	FIAGLIAIV	TCRBV07	TCRBJ02	0
CASIVGQKTEAFF	FIAGLIAIV	TCRBV12	TCRBJ01	0
CASSNRADGYGYTF	FIAGLIAIV	TCRBV09	TCRBJ01	0
CATSSSGLNTGELFF	FIAGLIAIV	TCRBV24	TCRBJ02	0
CASSPESNEQFF	FIAGLIAIV	TCRBV09	TCRBJ02	0
CSARGGGARGNQPQHF	FIAGLIAIV	TCRBV20	TCRBJ01	0
CSGGTSEGYEQYF	FIAGLIAIV	TCRBV29	TCRBJ02	0
CASSPPTRDQPQHF	FIAGLIAIV	TCRBV18	TCRBJ01	0
CASSPSRGGPLSYEQYF	FIAGLIAIV	TCRBV21	TCRBJ02	0
CASSPWTSYEQYF	FIAGLIAIV	TCRBV03	TCRBJ02	0
CASSAGYNEQFF	FIAGLIAIV	TCRBV09	TCRBJ02	0
CATLGGGDRAYGYTF	FIAGLIAIV	TCRBV28	TCRBJ01	0
CASSSADRAWNTEAFF	FIAGLIAIV	TCRBV07	TCRBJ01	0
CATRGGLSTDTQYF	FIAGLIAIV	TCRBV28	TCRBJ02	0
CSGGIGRETQYF	FIAGLIAIV	TCRBV29	TCRBJ02	0
CASGFRLAGGQDTQYF	FIAGLIAIV	TCRBV03	TCRBJ02	0
CASSQGHLNTEAFF	FIAGLIAIV	TCRBV03	TCRBJ01	0
CASSHADTNTGELFF	FIAGLIAIV	TCRBV04	TCRBJ02	0
CASSPPGLQGTDTQYF	FIAGLIAIV	TCRBV05	TCRBJ02	0
CATKGQGLREQYF	FIAGLIAIV	TCRBV24	TCRBJ02	0
CASRLWGDDTGELFF	FIAGLIAIV	TCRBV06	TCRBJ02	0
CASSQEGRFNSPLHF	FIAGLIAIV	TCRBV14	TCRBJ01	0
CSAFKPGSNQPQHF	FIAGLIAIV	TCRBV20	TCRBJ01	0
CAWSVSAGRTYEQYF	FIAGLIAIV	TCRBV30	TCRBJ02	0
CASSPGQGGPYEQYF	FIAGLIAIV	TCRBV12	TCRBJ02	0
CSALSGGRVDEQFF	FIAGLIAIV	TCRBV20	TCRBJ02	0
CASSLGAEIGKLFF	FIAGLIAIV	TCRBV07	TCRBJ01	0
CASSLDSWGGNEQFF	FIAGLIAIV	TCRBV07	TCRBJ02	0
CASSQDQASSYEQYF	FIAGLIAIV	TCRBV04	TCRBJ02	0
CASSLAGGRASIDTQYF	FIAGLIAIV	TCRBV05	TCRBJ02	0
CASRWYNEQFF	FIAGLIAIV	TCRBV06	TCRBJ02	0
CASSQLDRGYQPQNF	FIAGLIAIV	TCRBV04	TCRBJ01	0
CAWIPSGTDTQYF	FIAGLIAIV	TCRBV30	TCRBJ02	0
CASSHLVPDTQYF	FIAGLIAIV	TCRBV02	TCRBJ02	0
CASSLGRAPGNQPQHF	FIAGLIAIV	TCRBV28	TCRBJ01	0
CSARGGLGGSWETQYF	FIAGLIAIV	TCRBV20	TCRBJ02	0
CASSQEGKGYTEAFF	FIAGLIAIV	TCRBV14	TCRBJ01	0
CASSEPGRLTEAFF	FIAGLIAIV	TCRBV12	TCRBJ01	0
CATGVGSLAGGETQYF	FIAGLIAIV	TCRBV24	TCRBJ02	0
CASSQDRTRNEKLFF	FIAGLIAIV	TCRBV04	TCRBJ01	0
CAWSVRASLGEQFF	FIAGLIAIV	TCRBV30	TCRBJ02	0
CASRRTEGSNGYTF	FIAGLIAIV	TCRBV06	TCRBJ01	0
CASSQGGTDTQYF	FIAGLIAIV	TCRBV12	TCRBJ02	0
CASRPMFQSTYSNQPQHF	FIAGLIAIV	TCRBV28	TCRBJ01	0
CASSPRGANTEAFF	FIAGLIAIV	TCRBV03	TCRBJ01	0
CSVFGEFGELFF	FIAGLIAIV	TCRBV29	TCRBJ02	0
CASSYSARGSEKLFF	FIAGLIAIV	TCRBV06	TCRBJ01	0
CASSENPGQGYDEQYF	FIAGLIAIV	TCRBV10	TCRBJ02	0
CASSLGTGYPGNTIYF	FIAGLIAIV	TCRBV05	TCRBJ01	0
CASSQTDSSNTGELFF	FIAGLIAIV	TCRBV14	TCRBJ02	0
CASSGGGSYGYTF	FIAGLIAIV	TCRBV02	TCRBJ01	0
CASSSQRGAPYEQYF	FIAGLIAIV	TCRBV04	TCRBJ02	0
CASSVGTWRGYTF	FIAGLIAIV	TCRBV09	TCRBJ01	0
CASSSEGSDTGELFF	FIAGLIAIV	TCRBV06	TCRBJ02	0
CASSRTAAGGRQDTQYF	FIAGLIAIV	TCRBV07	TCRBJ02	0
CASSSLSLNTGELFF	FIAGLIAIV	TCRBV11	TCRBJ02	0
CASSDEGQGDTQYF	FIAGLIAIV	TCRBV06	TCRBJ02	0
CASSQGVQGSNEKLFF	FIAGLIAIV	TCRBV04	TCRBJ01	0
CASARYETYEQYF	FIAGLIAIV	TCRBV28	TCRBJ02	0
CSATDSFSNYGYTF	FIAGLIAIV	TCRBV20	TCRBJ01	0
CASSLTGTYEQYF	FIAGLIAIV	TCRBV07	TCRBJ02	0
CASSYSGRSAKNIQYF	FIAGLIAIV	TCRBV06	TCRBJ02	0
CASSFQGEETQYF	FIAGLIAIV	TCRBV09	TCRBJ02	0
CASNSRTVEMGGGNTIYF	FIAGLIAIV	TCRBV19	TCRBJ01	0
CASSSSGRSSYEQYF	FIAGLIAIV	TCRBV07	TCRBJ02	0
CASSPTGTNTEAFF	FIAGLIAIV	TCRBV07	TCRBJ01	0
CASGGMDSNENIQYF	FIAGLIAIV	TCRBV06	TCRBJ02	0
CSVDGTSGTTSSYNEQFF	FIAGLIAIV	TCRBV29	TCRBJ02	0
CASLYPGHYGYTF	FIAGLIAIV	TCRBV19	TCRBJ01	0
CASRRGTSGGHTDTQYF	FIAGLIAIV	TCRBV02	TCRBJ02	0
CASAPPTSGRETQYF	FIAGLIAIV	TCRBV05	TCRBJ02	0
CASSLGDRTYNEQFF	FIAGLIAIV	TCRBV28	TCRBJ02	0
CASSRQDLSEQYF	FIAGLIAIV	TCRBV05	TCRBJ02	0
CASPTRWEFF	FIAGLIAIV	TCRBV06	TCRBJ02	0
CASSEELDATDTQYF	FIAGLIAIV	TCRBV02	TCRBJ02	0
CASSLRVGELFF	FIAGLIAIV	TCRBV07	TCRBJ02	0
CSVRGGPFNEQYF	FIAGLIAIV	TCRBV29	TCRBJ02	0
CASSPQYLPRGTNYGYTF	FIAGLIAIV	TCRBV04	TCRBJ01	0
CASSLPRSALSSYEQYF	FIAGLIAIV	TCRBV02	TCRBJ02	0
CASRPDSGREQFF	FIAGLIAIV	TCRBV06	TCRBJ02	0
CASSQGLLTEAFF	FIAGLIAIV	TCRBV14	TCRBJ01	0
CASSWDIISTEAFF	FIAGLIAIV	TCRBV06	TCRBJ01	0
CASSFLRYYEQYF	FIAGLIAIV	TCRBV07	TCRBJ02	0
CASSEHGNYNSPLHF	FIAGLIAIV	TCRBV02	TCRBJ01	0
CASSQRVASGYTF	FIAGLIAIV	TCRBV14	TCRBJ01	0
CASSPPYRKPHDLGTYEQYF	FIAGLIAIV	TCRBV18	TCRBJ02	0
CASSLETGQVGYTF	FIAGLIAIV	TCRBV07	TCRBJ01	0
CAWSLKHYGYTF	FIAGLIAIV	TCRBV30	TCRBJ01	0
CASSQAIEGGYGYTF	FIAGLIAIV	TCRBV04	TCRBJ01	0
CASSHESGAGELFF	FIAGLIAIV	TCRBV06	TCRBJ02	0
CASSKGENEQFF	FIAGLIAIV	TCRBV21	TCRBJ02	0
CSARDGVYQETQYF	FIAGLIAIV	TCRBV20	TCRBJ02	0
CASSQRQGEKLFF	FIAGLIAIV	TCRBV06	TCRBJ01	0
CASSLVTGVGNTIYF	FIAGLIAIV	TCRBV07	TCRBJ01	0
CASSFELNTGELFF	FIAGLIAIV	TCRBV05	TCRBJ02	0
CASSSYTGSRRRQYF	FIAGLIAIV	TCRBV04	TCRBJ02	0
CAWVKWGQSLRGYTF	FIAGLIAIV	TCRBV30	TCRBJ01	0
CASSIQHFYEQFF	FIAGLIAIV	TCRBV19	TCRBJ02	0
CASSSRGETQYF	FIAGLIAIV	TCRBV07	TCRBJ02	0
CASTSFQKLFF	FIAGLIAIV	TCRBV07	TCRBJ01	0
CASSHSPGGGEQFF	FIAGLIAIV	TCRBV19	TCRBJ02	0
CAAAGAPYNEQFF	FIAGLIAIV	TCRBV07	TCRBJ02	0
CSARLPLGSGGTRSYNEQFF	FIAGLIAIV	TCRBV20	TCRBJ02	0
CASSYDADSPLHF	FIAGLIAIV	TCRBV06	TCRBJ01	0
CASGLSGRNTIYF	FIAGLIAIV	TCRBV02	TCRBJ01	0
CASSQTAGYEQYF	FIAGLIAIV	TCRBV04	TCRBJ02	0
CASSYGGSGFYEQYF	FIAGLIAIV	TCRBV06	TCRBJ02	0
CASSWDRGLITEAFF	FIAGLIAIV	TCRBV12	TCRBJ01	0
CASSRDRGETQYF	FIAGLIAIV	TCRBV07	TCRBJ02	0
CASSLAHGTPANYGYTF	FIAGLIAIV	TCRBV07	TCRBJ01	0
CAWSSDLKGSVGQPQHF	FIAGLIAIV	TCRBV30	TCRBJ01	0
CASSALAADTQYF	FIAGLIAIV	TCRBV27	TCRBJ02	0
CASSFFGGFSGGAFF	FIAGLIAIV	TCRBV28	TCRBJ01	0
CAIQPRAQETQYF	FIAGLIAIV	TCRBV29	TCRBJ02	0
CASRRSTNEKLFF	FIAGLIAIV	TCRBV02	TCRBJ01	0
CSARQGSLFDEQYF	FIAGLIAIV	TCRBV29	TCRBJ02	0
CASSVGVGGASYNEQFF	FIAGLIAIV	TCRBV09	TCRBJ02	0
CASSPPDGLGGADTQYF	FIAGLIAIV	TCRBV07	TCRBJ02	0
CASSPGQGTMGTEAFF	FIAGLIAIV	TCRBV06	TCRBJ01	0
CSAREGLGGIEQFF	FIAGLIAIV	TCRBV20	TCRBJ02	0
CASSYPGGQGERDGYTF	FIAGLIAIV	TCRBV06	TCRBJ01	0
CASSLAGGFEAFF	FIAGLIAIV	TCRBV07	TCRBJ01	0
CASSPGGLVRSYEQYF	FIAGLIAIV	TCRBV05	TCRBJ02	0
CASTLDSLYSYNEQFF	FIAGLIAIV	TCRBV02	TCRBJ02	0
CAWTRRRLDTQYF	FIAGLIAIV	TCRBV30	TCRBJ02	0
CASRNYREKDTEAFF	FIAGLIAIV	TCRBV06	TCRBJ01	0
CASSYSPGQGIEQYF	FIAGLIAIV	TCRBV06	TCRBJ02	0
CASSKLAGYTDTQYF	FIAGLIAIV	TCRBV07	TCRBJ02	0
CASSYGVYNEQFF	FIAGLIAIV	TCRBV06	TCRBJ02	0
CASSLYGAANTGELFF	FIAGLIAIV	TCRBV11	TCRBJ02	0
CASSLGLAGLKTGELFF	FIAGLIAIV	TCRBV19	TCRBJ02	0
CSVDRGTGETQYF	FIAGLIAIV	TCRBV29	TCRBJ02	0
CARLLHSSYEQYF	FIAGLIAIV	TCRBV06	TCRBJ02	0
CSAASGRLSYEQYF	FIAGLIAIV	TCRBV20	TCRBJ02	0
CSARYGTQRYEQYF	FIAGLIAIV	TCRBV20	TCRBJ02	0
CASSFQGSSSPLHF	FIAGLIAIV	TCRBV05	TCRBJ01	0
CASSQDLLDRVSPLHF	FIAGLIAIV	TCRBV03	TCRBJ01	0
CASSLEGARNSPLHF	FIAGLIAIV	TCRBV05	TCRBJ01	0
CASSPGAAFEAFF	FIAGLIAIV	TCRBV18	TCRBJ01	0
CSAQFSGTYEQYF	FIAGLIAIV	TCRBV20	TCRBJ02	0
CASSYPRDTIYF	FIAGLIAIV	TCRBV06	TCRBJ01	0
CASSLARGEQYF	FIAGLIAIV	TCRBV07	TCRBJ02	0
CASRPGRGAGYGYTF	FIAGLIAIV	TCRBV05	TCRBJ01	0
CASRLLDSEYEQYF	FIAGLIAIV	TCRBV02	TCRBJ02	0
CASSPRTLQETQYF	FIAGLIAIV	TCRBV06	TCRBJ02	0
CASSSTLTRVSNQPQHF	FIAGLIAIV	TCRBV06	TCRBJ01	0
CASSTKGAYGNTIYF	FIAGLIAIV	TCRBV06	TCRBJ01	0
CASSLSWQGRGEKLFF	FIAGLIAIV	TCRBV05	TCRBJ01	0
CSAEGLAGFQETQYF	FIAGLIAIV	TCRBV20	TCRBJ02	0
CATSRGGTSAYEQYF	FIAGLIAIV	TCRBV15	TCRBJ02	0
CASSRTQGSGNTIYF	FIAGLIAIV	TCRBV04	TCRBJ01	0
CSVGEQSNTEAFF	FIAGLIAIV	TCRBV29	TCRBJ01	0
CASSLAGGSNQPQHF	FIAGLIAIV	TCRBV07	TCRBJ01	0
CASSPRQDLFYEQYF	FIAGLIAIV	TCRBV07	TCRBJ02	0
CASSIVPPGHSNEKLFF	FIAGLIAIV	TCRBV19	TCRBJ01	0
CSAKTSGFNTGELFF	FIAGLIAIV	TCRBV20	TCRBJ02	0
CASRNTGAGNTIYF	FIAGLIAIV	TCRBV12	TCRBJ01	0
CASSLGGQNNQPQHF	FIAGLIAIV	TCRBV05	TCRBJ01	0
CASSFTGGTEAFF	FIAGLIAIV	TCRBV07	TCRBJ01	0
CSASVGDRGESSPLHF	FIAGLIAIV	TCRBV20	TCRBJ01	0
CSARHRWAGGYAYEQYF	FIAGLIAIV	TCRBV20	TCRBJ02	0
CASSLTMLVVRETQYF	FIAGLIAIV	TCRBV07	TCRBJ02	0
CASSAAAYYEQYF	FIAGLIAIV	TCRBV02	TCRBJ02	0
CASSLYPPYEQYF	FIAGLIAIV	TCRBV27	TCRBJ02	0
CASSLRGETQYF	FIAGLIAIV	TCRBV13	TCRBJ02	0
CASSRWTTPNTEAFF	FIAGLIAIV	TCRBV05	TCRBJ01	0
CSARGGVVAGGLPYNEQFF	FIAGLIAIV	TCRBV20	TCRBJ02	0
CASRKHRTGGSNGNEAFF	FIAGLIAIV	TCRBV06	TCRBJ01	0
CASSSRGGQPQHF	FIAGLIAIV	TCRBV07	TCRBJ01	0
CASSLRDDQPQHF	FIAGLIAIV	TCRBV28	TCRBJ01	0
CASSMYSNTEAFF	FIAGLIAIV	TCRBV19	TCRBJ01	0
CASSLGEKLFF	FIAGLIAIV	TCRBV11	TCRBJ01	0
CASRGMGVSDTQYF	FIAGLIAIV	TCRBV06	TCRBJ02	0
CASSIGPSQETQYF	FIAGLIAIV	TCRBV19	TCRBJ02	0
CSVRGSSYNEQFF	FIAGLIAIV	TCRBV29	TCRBJ02	0
CASSFLAGGNREQYF	FIAGLIAIV	TCRBV07	TCRBJ02	0
CATSDLKQGNEQFF	FIAGLIAIV	TCRBV24	TCRBJ02	0
CASSQGGVEQYF	FIAGLIAIV	TCRBV03	TCRBJ02	0
CAISEFTTEAFF	FIAGLIAIV	TCRBV10	TCRBJ01	0
CASSPSAGYSNEQFF	FIAGLIAIV	TCRBV05	TCRBJ02	0
CASSLTGTKETQYF	FIAGLIAIV	TCRBV11	TCRBJ02	0
CASSVPAYQPQHF	FIAGLIAIV	TCRBV19	TCRBJ01	0
CSARQTGARETQYF	FIAGLIAIV	TCRBV20	TCRBJ02	0
CASSDQGTEAFF	FIAGLIAIV	TCRBV06	TCRBJ01	0
CASSLRQGVHEQYF	FIAGLIAIV	TCRBV11	TCRBJ02	0
CASSSDGRETQYF	FIAGLIAIV	TCRBV05	TCRBJ02	0
CAWTRGILARTGELFF	FIAGLIAIV	TCRBV30	TCRBJ02	0
CATSDYGGTDTQYF	FIAGLIAIV	TCRBV24	TCRBJ02	0
CASSPGTGNSPLHF	FIAGLIAIV	TCRBV18	TCRBJ01	0
CASNSLKGIYGYTF	FIAGLIAIV	TCRBV12	TCRBJ01	0
CASRLAGGGLEQFF	FIAGLIAIV	TCRBV06	TCRBJ02	0
CASNSLAEAGSNNNEQFF	FIAGLIAIV	TCRBV28	TCRBJ02	0
CASSVEGGRHYEQYF	FIAGLIAIV	TCRBV06	TCRBJ02	0
CASSQEGLLAPGRNQPQHF	FIAGLIAIV	TCRBV04	TCRBJ01	0
CASSQPTPGQNITNYGYTF	FIAGLIAIV	TCRBV03	TCRBJ01	0
CASSLEDGRGVAEAFF	FIAGLIAIV	TCRBV07	TCRBJ01	0
CATSDLDRGRGETQYF	FIAGLIAIV	TCRBV24	TCRBJ02	0
CSARAGSQPQHF	FIAGLIAIV	TCRBV29	TCRBJ01	0
CASSLAATDTQYF	FIAGLIAIV	TCRBV04	TCRBJ02	0
CASSRGGGNTIYF	FIAGLIAIV	TCRBV13	TCRBJ01	0
CASSFETAGNEQFF	FIAGLIAIV	TCRBV11	TCRBJ02	0
CASRRGGARNNEQFF	FIAGLIAIV	TCRBV30	TCRBJ02	0
CASSQDRLGAGPTEAFF	FIAGLIAIV	TCRBV04	TCRBJ01	0
CSASGTSGPYPYEQYF	FIAGLIAIV	TCRBV20	TCRBJ02	0
CASSSLLGSEKLFF	FIAGLIAIV	TCRBV12	TCRBJ01	0
CASSFTDRARYF	FIAGLIAIV	TCRBV07	TCRBJ02	0
CASSGQGYEQYF	FIAGLIAIV	TCRBV25	TCRBJ02	0
CASRHPTALRRMVFF	FIAGLIAIV	TCRBV28	TCRBJ01	0
CASSEVGQGRSPLHF	FIAGLIAIV	TCRBV06	TCRBJ01	0
CALDSLAVSGANVLTF	FIAGLIAIV	TCRBV30	TCRBJ02	0
CASSFHRGSGANVLTF	FIAGLIAIV	TCRBV07	TCRBJ02	0
CASSLVWGTGEDQPQHF	FIAGLIAIV	TCRBV11	TCRBJ01	0
CASSLVSGRATDTQYF	FIAGLIAIV	TCRBV07	TCRBJ02	0
CSARDIGQGGNPQYF	FIAGLIAIV	TCRBV20	TCRBJ02	0
CASSSSFRQNSGANVLTF	FIAGLIAIV	TCRBV05	TCRBJ02	0
CASRGQLTDTQYF	FIAGLIAIV	TCRBV02	TCRBJ02	0
CASSKVRGTGEQYF	FIAGLIAIV	TCRBV21	TCRBJ02	0
CASTLGETLNYGYTF	FIAGLIAIV	TCRBV06	TCRBJ01	0
CASSSTRASGRNIQYF	FIAGLIAIV	TCRBV07	TCRBJ02	0
CASSPRDRESTF	FIAGLIAIV	TCRBV18	TCRBJ01	0
CASSVGGTVNNSPLHF	FIAGLIAIV	TCRBV09	TCRBJ01	0
CAWSPGTLNSHEQYF	FIAGLIAIV	TCRBV30	TCRBJ02	0
CASSPLGLAGDGDTQYF	FIAGLIAIV	TCRBV04	TCRBJ02	0
CASSSTGGSHEQYF	FIAGLIAIV	TCRBV06	TCRBJ02	0
CASSPGTGGLQDYGYTF	FIAGLIAIV	TCRBV05	TCRBJ01	0
CASSQEGTGTGLFLNF	FIAGLIAIV	TCRBV04	TCRBJ02	0
CSAYYDLTGGTEAFF	FIAGLIAIV	TCRBV20	TCRBJ01	0
CASSVENDAGELFF	FIAGLIAIV	TCRBV09	TCRBJ02	0
CASSPRGQRATNEKLFF	FIAGLIAIV	TCRBV07	TCRBJ01	0
CASSRTQGHYNEQFF	FIAGLIAIV	TCRBV06	TCRBJ02	0
CASSIDRGTPETQYF	FIAGLIAIV	TCRBV19	TCRBJ02	0
CASSSGYTYNEQFF	FIAGLIAIV	TCRBV18	TCRBJ02	0
CASSLVLARGGLHEQFF	FIAGLIAIV	TCRBV05	TCRBJ02	0
CASSSGTSYNEQFF	FIAGLIAIV	TCRBV06	TCRBJ02	0
CASSQEPVSGNTIYF	FIAGLIAIV	TCRBV04	TCRBJ01	0
CASSYPGANEQFF	FIAGLIAIV	TCRBV06	TCRBJ02	0
CASSPLGTDLRGEQYF	FIAGLIAIV	TCRBV09	TCRBJ02	0
CASSLRQGSGELFF	FIAGLIAIV	TCRBV05	TCRBJ02	0
CAWTLTGLGNTIYF	FIAGLIAIV	TCRBV30	TCRBJ01	0
CASRPGTGGHEQYF	FIAGLIAIV	TCRBV10	TCRBJ02	0
CASSLVGGVSRNTEAFF	FIAGLIAIV	TCRBV07	TCRBJ01	0
CASSQGTGNEKLFF	FIAGLIAIV	TCRBV05	TCRBJ01	0
CATSDPRLGNEQFF	FIAGLIAIV	TCRBV24	TCRBJ02	0
CASSAQAVQETQYF	FIAGLIAIV	TCRBV09	TCRBJ02	0
CASSISGTTSYNEQFF	FIAGLIAIV	TCRBV12	TCRBJ02	0
CASSAEGFRNTEAFF	FIAGLIAIV	TCRBV09	TCRBJ01	0
CSVKSSYEQYF	FIAGLIAIV	TCRBV29	TCRBJ02	0
CASSQGRGGTSGVSQETQYF	FIAGLIAIV	TCRBV04	TCRBJ02	0
CASSEMASGGYNEQFF	FIAGLIAIV	TCRBV06	TCRBJ02	0
CASSPLFVSGNTIYF	FIAGLIAIV	TCRBV04	TCRBJ01	0
CASSLGYTEAFF	FIAGLIAIV	TCRBV07	TCRBJ01	0
CASSPDQETQYF	FIAGLIAIV	TCRBV05	TCRBJ02	0
CASSSIYGTGGGGNTIYF	FIAGLIAIV	TCRBV07	TCRBJ01	0
CASSPRTASTDTQYF	FIAGLIAIV	TCRBV07	TCRBJ02	0
CASSPAGGGYYEQYF	FIAGLIAIV	TCRBV28	TCRBJ02	0
CASSRAGNNEQFF	FIAGLIAIV	TCRBV19	TCRBJ02	0
CSARRTGVETQYF	FIAGLIAIV	TCRBV20	TCRBJ02	0
CASTGTSNYGYTF	FIAGLIAIV	TCRBV06	TCRBJ01	0
CSASLGGRQETQYF	FIAGLIAIV	TCRBV20	TCRBJ02	0
CASSLDRITYSYEQYF	FIAGLIAIV	TCRBV11	TCRBJ02	0
CASSSRESQPQHF	FIAGLIAIV	TCRBV06	TCRBJ01	0
CASSLTTGTEAFF	FIAGLIAIV	TCRBV11	TCRBJ01	0
CASSPRTVYNEQFF	FIAGLIAIV	TCRBV18	TCRBJ02	0
CATSFTGGRTEAFF	FIAGLIAIV	TCRBV15	TCRBJ01	0
CASSPGGAYTGELFF	FIAGLIAIV	TCRBV06	TCRBJ02	0
CASSLADQGYRETQYF	FIAGLIAIV	TCRBV28	TCRBJ02	0
CASSQQGTPRETQYF	FIAGLIAIV	TCRBV07	TCRBJ02	0
CSARDPHQDGDTQYF	FIAGLIAIV	TCRBV20	TCRBJ02	0
CASSYPSRVQYF	FIAGLIAIV	TCRBV28	TCRBJ02	0
CASTNTDRGLVQPQHF	FIAGLIAIV	TCRBV19	TCRBJ01	0
CASRGQYGEQFF	FIAGLIAIV	TCRBV09	TCRBJ02	0
CASSYGDSSYNEQFF	FIAGLIAIV	TCRBV06	TCRBJ02	0
CASSFGSGLSYEQYF	FIAGLIAIV	TCRBV12	TCRBJ02	0
CATSDSKRTGTYEQYF	FIAGLIAIV	TCRBV24	TCRBJ02	0
CASSLVDGTRSGPQHF	FIAGLIAIV	TCRBV05	TCRBJ01	0
CATSAGQGGQPQHF	FIAGLIAIV	TCRBV24	TCRBJ01	0
CASSLDGSDGYTF	FIAGLIAIV	TCRBV05	TCRBJ01	0
CASSSWGRQETQYF	FIAGLIAIV	TCRBV07	TCRBJ02	0
CAIRTQLGYNEQFF	FIAGLIAIV	TCRBV10	TCRBJ02	0
CASHNPRQDTQYF	FIAGLIAIV	TCRBV05	TCRBJ02	0
CSVAISRTTGELFF	FIAGLIAIV	TCRBV29	TCRBJ02	0
CASSRDRSETQYF	FIAGLIAIV	TCRBV11	TCRBJ02	0
CASSQVVRLAGGGEQFF	FIAGLIAIV	TCRBV04	TCRBJ02	0
CASSKAYHSGANVLTF	FIAGLIAIV	TCRBV19	TCRBJ02	0
CASGLVSGADGYTF	FIAGLIAIV	TCRBV12	TCRBJ01	0
CATSDTSGGGYEQYF	FIAGLIAIV	TCRBV24	TCRBJ02	0
CASNPDRTSSPLHF	FIAGLIAIV	TCRBV19	TCRBJ01	0
CASSVNGLGTEAFF	FIAGLIAIV	TCRBV09	TCRBJ01	0
CASRTGTGNQPQHF	FIAGLIAIV	TCRBV06	TCRBJ01	0
CSASASGEGGGGNEQFF	FIAGLIAIV	TCRBV20	TCRBJ02	0
CSADGVNQETQYF	FIAGLIAIV	TCRBV20	TCRBJ02	0
CSARSPGHSTDTQYF	FIAGLIAIV	TCRBV20	TCRBJ02	0
CASSQAVASGSSREREQYF	FIAGLIAIV	TCRBV04	TCRBJ02	0
CASSLAPRLNEKLFF	FIAGLIAIV	TCRBV12	TCRBJ01	0
CASRSGTGDYGYTF	FIAGLIAIV	TCRBV05	TCRBJ01	0
CSASWARPGELFF	FIAGLIAIV	TCRBV20	TCRBJ02	0
CASSQSLGLAGSSYNEQFF	FIAGLIAIV	TCRBV23	TCRBJ02	0
CASNKSTGAGETQYF	FIAGLIAIV	TCRBV07	TCRBJ02	0
CASSGGTRQGDSTNEKLFF	FIAGLIAIV	TCRBV28	TCRBJ01	0
CATSIQGRETQYF	FIAGLIAIV	TCRBV15	TCRBJ02	0
CASSSLRGPQETQYF	FIAGLIAIV	TCRBV11	TCRBJ02	0
CSVRRGGAKYEQYF	FIAGLIAIV	TCRBV29	TCRBJ02	0
CASRGQGTEAFF	FIAGLIAIV	TCRBV25	TCRBJ01	0
CASSLAFRLGTEAFF	FIAGLIAIV	TCRBV11	TCRBJ01	0
CASSPQGAGNQPQHF	FIAGLIAIV	TCRBV07	TCRBJ01	0
CASRILPPRRAPNEQFF	FIAGLIAIV	TCRBV06	TCRBJ02	0
CASSLRTDTQYF	FIAGLIAIV	TCRBV11	TCRBJ02	0
CASSLNRNEQFF	FIAGLIAIV	TCRBV05	TCRBJ02	0
CTSSLTGEQYF	FIAGLIAIV	TCRBV28	TCRBJ02	0
CASSAGRPGANREAFF	FIAGLIAIV	TCRBV19	TCRBJ01	0
CAIQQGRDGYTF	FIAGLIAIV	TCRBV06	TCRBJ01	0
CASSRYRSGNEKLFF	FIAGLIAIV	TCRBV04	TCRBJ01	0
CASSATGGSYEQYF	FIAGLIAIV	TCRBV09	TCRBJ02	0
CASSERTGPEENTEAFF	FIAGLIAIV	TCRBV09	TCRBJ01	0
CASSSARGSSYEQYF	FIAGLIAIV	TCRBV28	TCRBJ02	0
CASSFSAFSTDTQYF	FIAGLIAIV	TCRBV05	TCRBJ02	0
CATSRDRSEQYF	FIAGLIAIV	TCRBV15	TCRBJ02	0
CASNSRTTNEQFF	FIAGLIAIV	TCRBV06	TCRBJ02	0
CSARDDRGRAKNIQYF	FIAGLIAIV	TCRBV20	TCRBJ02	0
CASSFGLMNTEAFF	FIAGLIAIV	TCRBV12	TCRBJ01	0
CASSKLAGFNQETQYF	FIAGLIAIV	TCRBV19	TCRBJ02	0
CASSLWDFSIAAGYQPQHF	FIAGLIAIV	TCRBV28	TCRBJ01	0
CSARGRGANTGELFF	FIAGLIAIV	TCRBV20	TCRBJ02	0
CASSETSGRTPYEQYF	FIAGLIAIV	TCRBV06	TCRBJ02	0
CASSLVLLQREWLNEQFF	FIAGLIAIV	TCRBV07	TCRBJ02	0
CASSPLSILHTQYF	FIAGLIAIV	TCRBV06	TCRBJ02	0
CASSNRHEGTDTQYF	FIAGLIAIV	TCRBV12	TCRBJ02	0
CASSLSQAWGTEAFF	FIAGLIAIV	TCRBV28	TCRBJ01	0
CASLGQGNSNTEAFF	FIAGLIAIV	TCRBV04	TCRBJ01	0
CSGEGFSYEQYF	FIAGLIAIV	TCRBV20	TCRBJ02	0
CASSVVMGTEAFF	FIAGLIAIV	TCRBV09	TCRBJ01	0
CASSRPGTPIHF	FIAGLIAIV	TCRBV19	TCRBJ02	0
CASKGGGVGNQPQHF	FIAGLIAIV	TCRBV12	TCRBJ01	0
CASSYLREETQYF	FIAGLIAIV	TCRBV06	TCRBJ02	0
CASSSGTGGPAGANVLTF	FIAGLIAIV	TCRBV05	TCRBJ02	0
CASSVATGNRRGYTF	FIAGLIAIV	TCRBV09	TCRBJ01	0
CASSQQGSREKLFF	FIAGLIAIV	TCRBV18	TCRBJ01	0
CASSQGRLAGGPSDTQYF	FIAGLIAIV	TCRBV04	TCRBJ02	0
CASTNRDFANTGELFF	FIAGLIAIV	TCRBV12	TCRBJ02	0
CSVLTGANQPQHF	FIAGLIAIV	TCRBV29	TCRBJ01	0
CAIGLAEEYEQYF	FIAGLIAIV	TCRBV10	TCRBJ02	0
CASSLGGSGPKGYTF	FIAGLIAIV	TCRBV05	TCRBJ01	0
CASSPRDRDYEQYF	FIAGLIAIV	TCRBV04	TCRBJ02	0
CASRRDSHSYEQYF	FIAGLIAIV	TCRBV27	TCRBJ02	0
CASSGSGGELFF	FIAGLIAIV	TCRBV02	TCRBJ02	0
CSARDIRFTEAFF	FIAGLIAIV	TCRBV20	TCRBJ01	0
CASSLSGGRTDTQYF	FIAGLIAIV	TCRBV07	TCRBJ02	0
CASSFAGGQETQYF	FIAGLIAIV	TCRBV05	TCRBJ02	0
CATSATIGRNGDTDTQYF	FIAGLIAIV	TCRBV24	TCRBJ02	0
CASGPSGVASDTQYF	FIAGLIAIV	TCRBV09	TCRBJ02	0
CASSPMGTGTEAFF	FIAGLIAIV	TCRBV18	TCRBJ01	0
CASTRDRDIQYF	FIAGLIAIV	TCRBV28	TCRBJ02	0
CASSTIISNTDTQYF	FIAGLIAIV	TCRBV02	TCRBJ02	0
CASGLQGDNEQFF	FIAGLIAIV	TCRBV12	TCRBJ02	0
CASRPHRGTNTGELFF	FIAGLIAIV	TCRBV05	TCRBJ02	0
CASSQEDRYRGYGYTF	FIAGLIAIV	TCRBV04	TCRBJ01	0
CASSLAGTAAEAFF	FIAGLIAIV	TCRBV12	TCRBJ01	0
CASSLVLSGDGYTF	FIAGLIAIV	TCRBV07	TCRBJ01	0
CASTNVGTGEQFF	FIAGLIAIV	TCRBV06	TCRBJ02	0
CASSNDIYEQYF	FIAGLIAIV	TCRBV12	TCRBJ02	0
CASSLRNRVDGYGYTF	FIAGLIAIV	TCRBV05	TCRBJ01	0
CASSDPQGANEQYF	FIAGLIAIV	TCRBV05	TCRBJ02	0
CASSPLGTREKLFF	FIAGLIAIV	TCRBV07	TCRBJ01	0
CASRLPGQAYYEQYF	FIAGLIAIV	TCRBV28	TCRBJ02	0
CASSLAGLNTEAFF	FIAGLIAIV	TCRBV07	TCRBJ01	0
CASSLIFLSGEVNTQYF	FIAGLIAIV	TCRBV12	TCRBJ02	0
CASREQVGTSNQPQHF	FIAGLIAIV	TCRBV12	TCRBJ01	0
CASSQETGELFF	FIAGLIAIV	TCRBV03	TCRBJ02	0
CAIRDLGTGINEQFF	FIAGLIAIV	TCRBV10	TCRBJ02	0
CAWSAGTGGSYYGYTF	FIAGLIAIV	TCRBV30	TCRBJ01	0
CASSPGPGTLNTGELFF	FIAGLIAIV	TCRBV18	TCRBJ02	0
CASRRPGGNYGYTF	FIAGLIAIV	TCRBV05	TCRBJ01	0
CATSRGGGSYNEQFF	FIAGLIAIV	TCRBV15	TCRBJ02	0
CASSVGPSASNTEAFF	FIAGLIAIV	TCRBV09	TCRBJ01	0
CASSPAGAANEKLFF	FIAGLIAIV	TCRBV27	TCRBJ01	0
CASSLDPGGNVLTF	FIAGLIAIV	TCRBV05	TCRBJ02	0
CASSVLEKLFF	FIAGLIAIV	TCRBV02	TCRBJ01	0
CASSPRVGGYTF	FIAGLIAIV	TCRBV28	TCRBJ01	0
CASSPGPGQFMNTEAFF	FIAGLIAIV	TCRBV06	TCRBJ01	0
CASSEYVTGGRDTQYF	FIAGLIAIV	TCRBV06	TCRBJ02	0
CASSQDTRDGWSPLHF	FIAGLIAIV	TCRBV04	TCRBJ01	0
CASSPIARGGSGNTIYF	FIAGLIAIV	TCRBV18	TCRBJ01	0
CASSLYGGTEAFF	FIAGLIAIV	TCRBV07	TCRBJ01	0
CASSATGANNEQFF	FIAGLIAIV	TCRBV05	TCRBJ02	0
CSAKVPYQPQHF	FIAGLIAIV	TCRBV20	TCRBJ01	0
CSAGGGAALAQYF	FIAGLIAIV	TCRBV20	TCRBJ02	0
CASSAGQGLKTEAFF	FIAGLIAIV	TCRBV05	TCRBJ01	0
CASSLTGAKYNEQFF	FIAGLIAIV	TCRBV07	TCRBJ02	0
CASSLAALYSNQPQHF	FIAGLIAIV	TCRBV12	TCRBJ01	0
CASSIRLGGGGPDTQYF	FIAGLIAIV	TCRBV19	TCRBJ02	0
CASSLGGQLNYGYTF	FIAGLIAIV	TCRBV05	TCRBJ01	0
CATSRDRGSGELFF	FIAGLIAIV	TCRBV15	TCRBJ02	0
CAWSVGTGITDTQYF	FIAGLIAIV	TCRBV30	TCRBJ02	0
CASTETNSYSNQPQHF	FIAGLIAIV	TCRBV02	TCRBJ01	0
CASSPRANLRTKNIQYF	FIAGLIAIV	TCRBV27	TCRBJ02	0
CSAREAGLGELFF	FIAGLIAIV	TCRBV20	TCRBJ02	0
CASSNSERVVTDTQYF	FIAGLIAIV	TCRBV19	TCRBJ02	0
CASSPRLANYGYTF	FIAGLIAIV	TCRBV25	TCRBJ01	0
CASSGGTGDNQPQHF	FIAGLIAIV	TCRBV11	TCRBJ01	0
CSARVYSSTEAFF	FIAGLIAIV	TCRBV20	TCRBJ01	0
CASKTGIDTQYF	FIAGLIAIV	TCRBV28	TCRBJ02	0
CASSVNPETGEYGYTF	FIAGLIAIV	TCRBV09	TCRBJ01	0
CASRQGGESDTQYF	FIAGLIAIV	TCRBV05	TCRBJ02	0
CASSPRTYDNEQFF	FIAGLIAIV	TCRBV18	TCRBJ02	0
CASSISGTVNTEAFF	FIAGLIAIV	TCRBV19	TCRBJ01	0
CASSRSGTSGYEQYF	FIAGLIAIV	TCRBV03	TCRBJ02	0
CASSLGSGTGRSEQFF	FIAGLIAIV	TCRBV05	TCRBJ02	0
CASSQDRTRPQHF	FIAGLIAIV	TCRBV04	TCRBJ01	0
CASSLRRGIYGYTF	FIAGLIAIV	TCRBV12	TCRBJ01	0
CASSIRGWGGYTF	FIAGLIAIV	TCRBV12	TCRBJ01	0
CASSLGLAGAVDTQYF	FIAGLIAIV	TCRBV11	TCRBJ02	0
CAWSVWGAREKLFF	FIAGLIAIV	TCRBV30	TCRBJ01	0
CSVQRGSMRGYNEQFF	FIAGLIAIV	TCRBV29	TCRBJ02	0
CASSESPIRSGNTIYF	FIAGLIAIV	TCRBV02	TCRBJ01	0
CASSLRTSGKETQYF	FIAGLIAIV	TCRBV11	TCRBJ02	0
CATSLSNQPQHF	FIAGLIAIV	TCRBV15	TCRBJ01	0
CSARDRGREYTFPYEQYF	FIAGLIAIV	TCRBV20	TCRBJ02	0
CSASNRGSGYGYTF	FIAGLIAIV	TCRBV20	TCRBJ01	0
CASSFVAYSNQPQHF	FIAGLIAIV	TCRBV12	TCRBJ01	0
CATSGGTGRTEAFF	FIAGLIAIV	TCRBV24	TCRBJ01	0
CASSYLGPGLYGNTIYF	FIAGLIAIV	TCRBV06	TCRBJ01	0
CAWSVQRTSGSYTDTQYF	FIAGLIAIV	TCRBV30	TCRBJ02	0
CSVVRGQGGYTDTQYF	FIAGLIAIV	TCRBV29	TCRBJ02	0
CASSPYPENYGYTF	FIAGLIAIV	TCRBV05	TCRBJ01	0
CAITVSQGNTEAFF	FIAGLIAIV	TCRBV10	TCRBJ01	0
CASSLRPGPRKLNTEAFF	FIAGLIAIV	TCRBV07	TCRBJ01	0
CASSLNRFDTGELFF	FIAGLIAIV	TCRBV27	TCRBJ02	0
CAWSVRDEQYF	FIAGLIAIV	TCRBV30	TCRBJ02	0
CSARPDRGQYF	FIAGLIAIV	TCRBV20	TCRBJ02	0
CSALPEDRANYGYTF	FIAGLIAIV	TCRBV20	TCRBJ01	0
CASSQYYTPGKHQETQYF	FIAGLIAIV	TCRBV03	TCRBJ02	0
CASRMITGGAYGYTF	FIAGLIAIV	TCRBV28	TCRBJ01	0
CASSLSSSTDTQYF	FIAGLIAIV	TCRBV07	TCRBJ02	0
CSAAGPSNQPQHF	FIAGLIAIV	TCRBV20	TCRBJ01	0
CASSPPGRPSNYGYTF	FIAGLIAIV	TCRBV18	TCRBJ01	0
CASSPVGRGREGRYEQYF	FIAGLIAIV	TCRBV11	TCRBJ02	0
CASSSGRLYEQYF	FIAGLIAIV	TCRBV19	TCRBJ02	0
CASSYFPATENQPQHF	FIAGLIAIV	TCRBV28	TCRBJ01	0
CASSGKTGAYEQYF	FIAGLIAIV	TCRBV05	TCRBJ02	0
CASSSSSQFRNSYEQYF	FIAGLIAIV	TCRBV05	TCRBJ02	0
CASRRATGAGNSPLHF	FIAGLIAIV	TCRBV12	TCRBJ01	0
CASSLRDGLTEQFF	FIAGLIAIV	TCRBV05	TCRBJ02	0
CASRETGRAGELFF	FIAGLIAIV	TCRBV25	TCRBJ02	0
CASTVEGGIRRDTQYF	FIAGLIAIV	TCRBV05	TCRBJ02	0
CASSQGHGFWYEQYF	FIAGLIAIV	TCRBV14	TCRBJ02	0
CASSFLGTGESYEQYF	FIAGLIAIV	TCRBV11	TCRBJ02	0
CSARGDRYNEQFF	FIAGLIAIV	TCRBV20	TCRBJ02	0
CASSQEMAKNIQYF	FIAGLIAIV	TCRBV28	TCRBJ02	0
CSVRDRSSYNEQFF	FIAGLIAIV	TCRBV20	TCRBJ02	0
CSARKPGTGPAEQYF	FIAGLIAIV	TCRBV20	TCRBJ02	0
CASSLQAGAGSGANVLTF	FIAGLIAIV	TCRBV27	TCRBJ02	0
CASSKGIKTYEQYF	FIAGLIAIV	TCRBV21	TCRBJ02	0
CASSFHRASGNTIYF	FIAGLIAIV	TCRBV28	TCRBJ01	0
CASTRSSGNTIYF	FIAGLIAIV	TCRBV12	TCRBJ01	0
CASSGQPNSNQPQHF	FIAGLIAIV	TCRBV06	TCRBJ01	0
CSARDHGTSGTDTQYF	FIAGLIAIV	TCRBV20	TCRBJ02	0
CASSVRIQETQYF	FIAGLIAIV	TCRBV09	TCRBJ02	0
CASSNPPGQGVGLAGSKQYF	FIAGLIAIV	TCRBV06	TCRBJ02	0
CASSEGQGYEQYF	FIAGLIAIV	TCRBV25	TCRBJ02	0
CSARDPATRHEQYF	FIAGLIAIV	TCRBV20	TCRBJ02	0
CASSPRQSSIETQYF	FIAGLIAIV	TCRBV27	TCRBJ02	0
CSVAGGSETQYF	FIAGLIAIV	TCRBV29	TCRBJ02	0
CSVRQDTEAFF	FIAGLIAIV	TCRBV29	TCRBJ01	0
CASSLRRRGTEAFF	FIAGLIAIV	TCRBV07	TCRBJ01	0
CASSYGTTGNTIYF	FIAGLIAIV	TCRBV11	TCRBJ01	0
CASRAGRVWTDTQYF	FIAGLIAIV	TCRBV04	TCRBJ02	0
CASSPGLEKNIQYF	FIAGLIAIV	TCRBV07	TCRBJ02	0
CASSPRVGDTQYF	FIAGLIAIV	TCRBV07	TCRBJ02	0
CASSRVYEQYF	FIAGLIAIV	TCRBV02	TCRBJ02	0
CASSYSGEREQYF	FIAGLIAIV	TCRBV06	TCRBJ02	0
CASSRTPGGHSGNTIYF	FIAGLIAIV	TCRBV07	TCRBJ01	0
CSARDPSPDTEAFF	FIAGLIAIV	TCRBV20	TCRBJ01	0
CASSLTENEQYF	FIAGLIAIV	TCRBV05	TCRBJ02	0
CASSLRQDSGNTIYF	FIAGLIAIV	TCRBV07	TCRBJ01	0
CASKNPRGEKLFF	FIAGLIAIV	TCRBV19	TCRBJ01	0
CASSFSTSSEQYF	FIAGLIAIV	TCRBV06	TCRBJ02	0
CASKFSLLEAGSSNQPQHF	FIAGLIAIV	TCRBV12	TCRBJ01	0
CASSLGTATTINYGYTF	FIAGLIAIV	TCRBV05	TCRBJ01	0
CASSLTEGETQYF	FIAGLIAIV	TCRBV27	TCRBJ02	0
CASSVEARANEKLFF	FIAGLIAIV	TCRBV09	TCRBJ01	0
CASKASNTGELFF	FIAGLIAIV	TCRBV04	TCRBJ02	0
CASSAAVSTDTQYF	FIAGLIAIV	TCRBV06	TCRBJ02	0
CASSLRAGTQPQHF	FIAGLIAIV	TCRBV27	TCRBJ01	0
CASNPKNLQETQYF	FIAGLIAIV	TCRBV03	TCRBJ02	0
CASSPPSSAADTQYF	FIAGLIAIV	TCRBV05	TCRBJ02	0
CASSYFYRVEGNQPQHF	FIAGLIAIV	TCRBV06	TCRBJ01	0
CASSYSWGETQYF	FIAGLIAIV	TCRBV06	TCRBJ02	0
CASSRSQYNEQFF	FIAGLIAIV	TCRBV18	TCRBJ02	0
CACSDGGLNQPQHF	FIAGLIAIV	TCRBV10	TCRBJ01	0
CASSYSRVPGNTIYF	FIAGLIAIV	TCRBV06	TCRBJ01	0
CASTSDRANEQFF	FIAGLIAIV	TCRBV06	TCRBJ02	0
CAWLPLSGRINEQFF	FIAGLIAIV	TCRBV30	TCRBJ02	0
CSAGAGTGNTEAFF	FIAGLIAIV	TCRBV20	TCRBJ01	0
CASSLRVAGDVQFF	FIAGLIAIV	TCRBV05	TCRBJ02	0
CASSWTASPQYF	FIAGLIAIV	TCRBV06	TCRBJ02	0
CAWSAGPTGQYF	FIAGLIAIV	TCRBV30	TCRBJ02	0
CASSLTPATGLETQYF	FIAGLIAIV	TCRBV28	TCRBJ02	0
CASSHTLDYGYTF	FIAGLIAIV	TCRBV25	TCRBJ01	0
CSASHPGKGYTF	FIAGLIAIV	TCRBV20	TCRBJ01	0
CASSPRPDIWGPTTDTQYF	FIAGLIAIV	TCRBV18	TCRBJ02	0
CASSGEGNYGYTF	FIAGLIAIV	TCRBV12	TCRBJ01	0
CASRTRSGRPTDTQYF	FIAGLIAIV	TCRBV21	TCRBJ02	0
CASTKGGNTEAFF	FIAGLIAIV	TCRBV07	TCRBJ01	0
CSALQGGAEAFF	FIAGLIAIV	TCRBV20	TCRBJ01	0
CSARDGGYSNQPQHF	FIAGLIAIV	TCRBV20	TCRBJ01	0
CASSLAGTSVLNEQFF	FIAGLIAIV	TCRBV05	TCRBJ02	0
CAIGQAGGFTDTQYF	FIAGLIAIV	TCRBV24	TCRBJ02	0
CASSSRLAETGETQYF	FIAGLIAIV	TCRBV06	TCRBJ02	0
CASNRLGQGNGELFF	FIAGLIAIV	TCRBV07	TCRBJ02	0
CASSLEGNEQYF	FIAGLIAIV	TCRBV05	TCRBJ02	0
CASSDGSSNQPQHF	FIAGLIAIV	TCRBV25	TCRBJ01	0
CASSYVDKGTEAFF	FIAGLIAIV	TCRBV06	TCRBJ01	0
CATSTGTQDEQYF	FIAGLIAIV	TCRBV28	TCRBJ02	0
CASSTGGRGSTDTQYF	FIAGLIAIV	TCRBV06	TCRBJ02	0
CASSLQSRGNTGELFF	FIAGLIAIV	TCRBV27	TCRBJ02	0
CASSSYRGLRETQYF	FIAGLIAIV	TCRBV05	TCRBJ02	0
CASSPIWGGFGTDTQYF	FIAGLIAIV	TCRBV11	TCRBJ02	0
CATSDSGESYGYTF	FIAGLIAIV	TCRBV24	TCRBJ01	0
CASSNPGGLSSYEQYF	FIAGLIAIV	TCRBV06	TCRBJ02	0
CASSPEGDRGPQPQHF	FIAGLIAIV	TCRBV07	TCRBJ01	0
CASSSNRGGYGYTF	FIAGLIAIV	TCRBV05	TCRBJ01	0
CASSLSENTEAFF	FIAGLIAIV	TCRBV03	TCRBJ01	0
CAWSWIGGDGYTF	FIAGLIAIV	TCRBV30	TCRBJ01	0
CRTTSGVGGYTF	FIAGLIAIV	TCRBV20	TCRBJ01	0
CSALPTTGGRYNEQFF	FIAGLIAIV	TCRBV20	TCRBJ02	0
CASSNSANTGELFF	FIAGLIAIV	TCRBV06	TCRBJ02	0
CASSEGLQPQHF	FIAGLIAIV	TCRBV02	TCRBJ01	0
CASSQGPAGPFREQYF	FIAGLIAIV	TCRBV04	TCRBJ02	0
CASSFTVNSNQPQHF	FIAGLIAIV	TCRBV28	TCRBJ01	0
CSASVWTEAFF	FIAGLIAIV	TCRBV20	TCRBJ01	0
CASSQGLLGLGKLFF	FIAGLIAIV	TCRBV03	TCRBJ01	0
CASTLDRAAGELFF	FIAGLIAIV	TCRBV06	TCRBJ02	0
CASSLVRGRSPTDTQYF	FIAGLIAIV	TCRBV05	TCRBJ02	0
CSARGAGGENQPQHF	FIAGLIAIV	TCRBV20	TCRBJ01	0
CSVEYPTNEKLFF	FIAGLIAIV	TCRBV29	TCRBJ01	0
CASSVGLAGVNEQFF	FIAGLIAIV	TCRBV09	TCRBJ02	0
CASSFGSVNRGYGYTF	FIAGLIAIV	TCRBV28	TCRBJ01	0
CASSLAASAYGYTF	FIAGLIAIV	TCRBV05	TCRBJ01	0
CASSRTGGTKETQYF	FIAGLIAIV	TCRBV06	TCRBJ02	0
CASSPANTEAFF	FIAGLIAIV	TCRBV05	TCRBJ01	0
CASSYDLGYGYTF	FIAGLIAIV	TCRBV06	TCRBJ01	0
CASSIRGINSPLHF	FIAGLIAIV	TCRBV21	TCRBJ01	0
CSAKEGQGGEKLFF	FIAGLIAIV	TCRBV20	TCRBJ01	0
CASSPPPTRVGQPQHF	FIAGLIAIV	TCRBV28	TCRBJ01	0
CASSLESDRVAQYF	FIAGLIAIV	TCRBV11	TCRBJ02	0
CASSFWQRNSPLHF	FIAGLIAIV	TCRBV28	TCRBJ01	0
CSASRGSEQYF	FIAGLIAIV	TCRBV20	TCRBJ02	0
CASRATGRSSPLHF	FIAGLIAIV	TCRBV06	TCRBJ01	0
CATSDTGTGGYEQYF	FIAGLIAIV	TCRBV24	TCRBJ02	0
CASSSQGYPGNQPQHF	FIAGLIAIV	TCRBV12	TCRBJ01	0
CAWSRQGNTEAFF	FIAGLIAIV	TCRBV30	TCRBJ01	0
CAWSGTGTSGHNEQFF	FIAGLIAIV	TCRBV30	TCRBJ02	0
CASSRRQGSEETQYF	FIAGLIAIV	TCRBV03	TCRBJ02	0
CSALTLAGLGDTQYF	FIAGLIAIV	TCRBV20	TCRBJ02	0
CAWKGAGANYGYTF	FIAGLIAIV	TCRBV30	TCRBJ01	0
CASNQGSTNEKLFF	FIAGLIAIV	TCRBV02	TCRBJ01	0
CASSSLQGESEKLFF	FIAGLIAIV	TCRBV05	TCRBJ01	0
CASSLGTRGGSNQPQHF	FIAGLIAIV	TCRBV28	TCRBJ01	0
CASSSSPTGELFF	FIAGLIAIV	TCRBV27	TCRBJ02	0
CASSVDLQGGYNEQFF	FIAGLIAIV	TCRBV09	TCRBJ02	0
CSAGDAAGGTEQYF	FIAGLIAIV	TCRBV20	TCRBJ02	0
CASSSPGTASYEQYF	FIAGLIAIV	TCRBV05	TCRBJ02	0
CASSPGTGGEKLFF	FIAGLIAIV	TCRBV03	TCRBJ01	0
CASSPASARNEQFF	FIAGLIAIV	TCRBV03	TCRBJ02	0
CASLTVKNIQYF	FIAGLIAIV	TCRBV02	TCRBJ02	0
CASSQARGRGGYTF	FIAGLIAIV	TCRBV04	TCRBJ01	0
CASSFGTGLNQPQHF	FIAGLIAIV	TCRBV05	TCRBJ01	0
CASPEAEPSTDTQYF	FIAGLIAIV	TCRBV07	TCRBJ02	0
CASSPGDRGGYEQYF	FIAGLIAIV	TCRBV09	TCRBJ02	0
CASSQKGTANTEAFF	FIAGLIAIV	TCRBV04	TCRBJ01	0
CASRTGGVGSYNEQFF	FIAGLIAIV	TCRBV06	TCRBJ02	0
CASSYSRAVVQPQHF	FIAGLIAIV	TCRBV06	TCRBJ01	0
CASSFGVAGIYEQYF	FIAGLIAIV	TCRBV11	TCRBJ02	0
CARQGVNTQYF	FIAGLIAIV	TCRBV02	TCRBJ02	0
CASSPTYFYGYTF	FIAGLIAIV	TCRBV28	TCRBJ01	0
CASSLEGYTGELFF	FIAGLIAIV	TCRBV12	TCRBJ02	0
CAWSLGLGTNEKLFF	FIAGLIAIV	TCRBV30	TCRBJ01	0
CASSGGTGNTYGYTF	FIAGLIAIV	TCRBV05	TCRBJ01	0
CASSGPANEKLFF	FIAGLIAIV	TCRBV02	TCRBJ01	0
CASSTGQRLGNTIYF	FIAGLIAIV	TCRBV19	TCRBJ01	0
CAISPGTGATEAFF	FIAGLIAIV	TCRBV10	TCRBJ01	0
CATSGGTGDNYGYTF	FIAGLIAIV	TCRBV24	TCRBJ01	0
CSARDQLAGALSTDTQYF	FIAGLIAIV	TCRBV20	TCRBJ02	0
CASTRTGDQPQHF	FIAGLIAIV	TCRBV06	TCRBJ01	0
CASNPGTTLYNEQFF	FIAGLIAIV	TCRBV06	TCRBJ02	0
CASRDGLGGYTF	FIAGLIAIV	TCRBV06	TCRBJ01	0
CASILPNGVVQFF	FIAGLIAIV	TCRBV07	TCRBJ02	0
CASSPLENTEAFF	FIAGLIAIV	TCRBV18	TCRBJ01	0
CASSPPRVYTDTQYF	FIAGLIAIV	TCRBV05	TCRBJ02	0
CASSVTPSGHLHF	FIAGLIAIV	TCRBV09	TCRBJ01	0
CASRAGGQGITSGNTIYF	FIAGLIAIV	TCRBV05	TCRBJ01	0
CANAGTRNTGELFF	FIAGLIAIV	TCRBV12	TCRBJ02	0
CASSVAFRSSYNEQFF	FIAGLIAIV	TCRBV09	TCRBJ02	0
CASQAGTTQYF	FIAGLIAIV	TCRBV28	TCRBJ02	0
CASSRPGLAGDSQQFF	FIAGLIAIV	TCRBV05	TCRBJ02	0
CASSLTGSGANVLTF	FIAGLIAIV	TCRBV28	TCRBJ02	0
CASSLKGEQFF	FIAGLIAIV	TCRBV12	TCRBJ02	0
CASSLTPASYEQYF	FIAGLIAIV	TCRBV03	TCRBJ02	0
CASSPQRGLSTDTQYF	FIAGLIAIV	TCRBV12	TCRBJ02	0
CASSPQGLDNEQFF	FIAGLIAIV	TCRBV04	TCRBJ02	0
CSARDTDYGYTF	FIAGLIAIV	TCRBV20	TCRBJ01	0
CASALVSDSYEQYF	FIAGLIAIV	TCRBV12	TCRBJ02	0
CASRPRQGAGEQFF	FIAGLIAIV	TCRBV06	TCRBJ02	0
CASSLLRDRGLYEQYF	FIAGLIAIV	TCRBV04	TCRBJ02	0
CASSRGTAPNYGYTF	FIAGLIAIV	TCRBV05	TCRBJ01	0
CASSESRLVSEQFF	FIAGLIAIV	TCRBV02	TCRBJ02	0
CASSLPLSGTGELFF	FIAGLIAIV	TCRBV28	TCRBJ02	0
CASSLNRAGDEKLFF	FIAGLIAIV	TCRBV06	TCRBJ01	0
CSAGVAGVTEQYF	FIAGLIAIV	TCRBV20	TCRBJ02	0
CSASSSSQETQYF	FIAGLIAIV	TCRBV20	TCRBJ02	0
CASSLMRGAGELFF	FIAGLIAIV	TCRBV07	TCRBJ02	0
CASSLRTNAEAFF	FIAGLIAIV	TCRBV07	TCRBJ01	0
CASSTMMKETQYF	FIAGLIAIV	TCRBV18	TCRBJ02	0
CASSIWERQFF	FIAGLIAIV	TCRBV19	TCRBJ02	0
CASSLAGPGAKNIQYF	FIAGLIAIV	TCRBV05	TCRBJ02	0
CASSQEGTPVQEQFF	FIAGLIAIV	TCRBV03	TCRBJ02	0
CASSWGLAGGPAGELFF	FIAGLIAIV	TCRBV11	TCRBJ02	0
CASSLADTVTGYTF	FIAGLIAIV	TCRBV05	TCRBJ01	0
CASSPDLPSGEQFF	FIAGLIAIV	TCRBV06	TCRBJ02	0
CASSQDRQASVIQYF	FIAGLIAIV	TCRBV04	TCRBJ02	0
CASSPSGQGSGANVLTF	FIAGLIAIV	TCRBV18	TCRBJ02	0
CATRGAGRNEQYF	FIAGLIAIV	TCRBV06	TCRBJ02	0
CASSVPGEGWETQYF	FIAGLIAIV	TCRBV06	TCRBJ02	0
CASSSRSQKSGNTIYF	FIAGLIAIV	TCRBV07	TCRBJ01	0
CSVRRDGQPQFF	FIAGLIAIV	TCRBV29	TCRBJ02	0
CASSQNPGQGNEQYF	FIAGLIAIV	TCRBV03	TCRBJ02	0
CASSLVVTGETQYF	FIAGLIAIV	TCRBV07	TCRBJ02	0
CASTSGPSGRSDNEQFF	FIAGLIAIV	TCRBV21	TCRBJ02	0
CASSQLGQGAYEQYF	FIAGLIAIV	TCRBV04	TCRBJ02	0
CASSLTRSGANVLTF	FIAGLIAIV	TCRBV05	TCRBJ02	0
CASSLALAWETGFRETQYF	FIAGLIAIV	TCRBV07	TCRBJ02	0
CASSLIPGGDGGELFF	FIAGLIAIV	TCRBV07	TCRBJ02	0
CASSPRDGYTF	FIAGLIAIV	TCRBV07	TCRBJ01	0
CASSYSATPSYGYTF	FIAGLIAIV	TCRBV06	TCRBJ01	0
CASSPGTSGRSSYEQYF	FIAGLIAIV	TCRBV07	TCRBJ02	0
CASSYSMWASVPLHF	FIAGLIAIV	TCRBV06	TCRBJ01	0
CASSFLTGEILNTEAFF	FIAGLIAIV	TCRBV07	TCRBJ01	0
CASSSGGYYNEQFF	FIAGLIAIV	TCRBV05	TCRBJ02	0
CAWRKRGQGGGYTF	FIAGLIAIV	TCRBV30	TCRBJ01	0
CASSPDTFNQPQHF	FIAGLIAIV	TCRBV28	TCRBJ01	0
CASSSLGQPEGYTF	FIAGLIAIV	TCRBV07	TCRBJ01	0
CASLGSHSNQPQHF	FIAGLIAIV	TCRBV06	TCRBJ01	0
CASSVPGEDGYTF	FIAGLIAIV	TCRBV09	TCRBJ01	0
CASSVEDSFNEQFF	FIAGLIAIV	TCRBV09	TCRBJ02	0
CASSKGTTGGYTF	FIAGLIAIV	TCRBV27	TCRBJ01	0
CASRLRAVTGELFF	FIAGLIAIV	TCRBV12	TCRBJ02	0
CASSQKDGGYEQYF	FIAGLIAIV	TCRBV27	TCRBJ02	0
CASSLQVRQGEKLFF	FIAGLIAIV	TCRBV07	TCRBJ01	0
CSVEGTSGTVSYEQYF	FIAGLIAIV	TCRBV29	TCRBJ02	0
CASSTNRRLNTGELFF	FIAGLIAIV	TCRBV27	TCRBJ02	0
CSASDFRGNTIYF	FIAGLIAIV	TCRBV20	TCRBJ01	0
CASSYGSAGFGEQFF	FIAGLIAIV	TCRBV06	TCRBJ02	0
CASSLSEQQAGRAYEQYF	FIAGLIAIV	TCRBV11	TCRBJ02	0
CASSLAPPYRTGELFF	FIAGLIAIV	TCRBV05	TCRBJ02	0
CASSRLTRSSYNEQFF	FIAGLIAIV	TCRBV03	TCRBJ02	0
CSARESADGTDTQYF	FIAGLIAIV	TCRBV20	TCRBJ02	0
CASSPRGMGQQFF	FIAGLIAIV	TCRBV07	TCRBJ02	0
CASTMTGENTGELFF	FIAGLIAIV	TCRBV06	TCRBJ02	0
CSARGGVGELFF	FIAGLIAIV	TCRBV20	TCRBJ02	0
CASSLGSQGDRETQYF	FIAGLIAIV	TCRBV28	TCRBJ02	0
CASSVGTDRLSGNTIYF	FIAGLIAIV	TCRBV05	TCRBJ01	0
CASLKGWGTEAFF	FIAGLIAIV	TCRBV06	TCRBJ01	0
CATSRLASGGTYNEQFF	FIAGLIAIV	TCRBV15	TCRBJ02	0
CATRGPGYNEQFF	FIAGLIAIV	TCRBV24	TCRBJ02	0
CSAARVEGGTTSTDTQYF	FIAGLIAIV	TCRBV20	TCRBJ02	0
CASSLAGTGGAGDGYTF	FIAGLIAIV	TCRBV07	TCRBJ01	0
CASRNLDGSSYNEQFF	FIAGLIAIV	TCRBV02	TCRBJ02	0
CASSLRTGGNTEAFF	FIAGLIAIV	TCRBV05	TCRBJ01	0
CSLLTNYEQYF	FIAGLIAIV	TCRBV20	TCRBJ02	0
CASSTPGAFWGYTF	FIAGLIAIV	TCRBV25	TCRBJ01	0
